iteration,LHS
0,1105.8985456150842
1,-519.2476006001336
2,-149.58917662241595
3,-361.2179207195768
4,-467.0730077683377
5,-195.73359133103122
6,154.89400674882052
