iteration,LHS
0,1105.8985456150842
1,-519.2476006001336
2,-149.58917662241595
3,-361.2179207195768
4,-467.0730077683377
5,-195.73359133103122
6,154.89400674882052
0,1693.1688828706965
1,1218.9278316014522
2,-434.8046980477542
3,384.35992343232977
4,-268.39194791488234
