{"M[*,1]": 105632.22975716087, "M[*,2]": 3382.295794607508, "M[*,3]": 3410.008387631097, "M[*,4]": 3443.3451853542438, "M[*,5]": 3482.2041910035964, "M[*,6]": 3524.8460146708885, "M[*,7]": 3568.7620085118047, "M[*,8]": 3611.2483953709243, "M[*,9]": 3650.0345301986385, "M[*,10]": 3683.681382569079, "M[*,11]": 3711.6450370514526, "M[*,12]": 3734.092379034808, "M[*,13]": 3751.6259373268717, "M[*,14]": 3765.036201598004, "M[*,15]": 3775.130503490382, "M[*,16]": 3782.6383562807896, "M[*,17]": 3788.172789258928, "M[*,18]": 3792.225357699878, "M[*,19]": 3795.1779487982453, "M[*,20]": 3797.3208363088024, "M[*,21]": 3798.8713006433695, "M[*,22]": 2928.6217387395354, "M[*,23]": 2950.1439068480486, "M[*,24]": 2978.027208906474, "M[*,25]": 3014.582505188404, "M[*,26]": 3061.5294810615596, "M[*,27]": 3120.2838307401707, "M[*,28]": 3191.5903969227556, "M[*,29]": 3275.157414708261, "M[*,30]": 3369.4450724884223, "M[*,31]": 3471.7286197982107, "M[*,32]": 3578.4500231163884, "M[*,33]": 3685.7479535960674, "M[*,34]": 3789.996427235515, "M[*,35]": 3888.2119213557335, "M[*,36]": 3978.266562515973, "M[*,37]": 4058.9180911196545, "M[*,38]": 4129.708881451793, "M[*,39]": 4190.796092950222, "M[*,40]": 4242.764769743423, "M[*,41]": 4286.457773522633, "M[*,42]": 4669.023208524387, "x[*,1]": 0.02292134663000517, "x[*,2]": 0.04722836736305872, "x[*,3]": 0.06896657464274975, "x[*,4]": 0.09505406982946496, "x[*,5]": 0.12461869553527011, "x[*,6]": 0.15608968549719723, "x[*,7]": 0.1875129920851918, "x[*,8]": 0.2170216782190823, "x[*,9]": 0.2432388091423577, "x[*,10]": 0.2654508765982213, "x[*,11]": 0.28354940529112693, "x[*,12]": 0.29784583444035695, "x[*,13]": 0.3088704560661922, "x[*,14]": 0.31721735274274615, "x[*,15]": 0.32344967126517155, "x[*,16]": 0.32805438642524815, "x[*,17]": 0.3314292279979474, "x[*,18]": 0.3338870179676707, "x[*,19]": 0.33566755046588975, "x[*,20]": 0.33695138119964463, "x[*,21]": 0.33787275934131844, "x[*,22]": 0.35660089832923003, "x[*,23]": 0.3704169544914965, "x[*,24]": 0.38838914198510416, "x[*,25]": 0.4114859491486196, "x[*,26]": 0.44037323694903224, "x[*,27]": 0.4753338413341809, "x[*,28]": 0.5160634023179508, "x[*,29]": 0.561559869916181, "x[*,30]": 0.610191370704269, "x[*,31]": 0.6599513080136801, "x[*,32]": 0.7088122902123251, "x[*,33]": 0.7550455745060992, "x[*,34]": 0.7974104836510653, "x[*,35]": 0.8351960591010262, "x[*,36]": 0.8681554627910016, "x[*,37]": 0.8963900567409868, "x[*,38]": 0.9202278161676205, "x[*,39]": 0.9401204451926357, "x[*,40]": 0.9565672962293914, "x[*,41]": 0.9700648624196907, "x[*,42]": 0.9810767636538585, "dummy_x[*,1]": 0.0, "dummy_x[*,2]": 0.0, "dummy_x[*,3]": 0.0, "dummy_x[*,4]": 0.0, "dummy_x[*,5]": 0.0, "dummy_x[*,6]": 0.0, "dummy_x[*,7]": 0.0, "dummy_x[*,8]": 0.0, "dummy_x[*,9]": 0.0, "dummy_x[*,10]": 0.0, "dummy_x[*,11]": 0.0, "dummy_x[*,12]": 0.0, "dummy_x[*,13]": 0.0, "dummy_x[*,14]": 0.0, "dummy_x[*,15]": 0.0, "dummy_x[*,16]": 0.0, "dummy_x[*,17]": 0.0, "dummy_x[*,18]": 0.0, "dummy_x[*,19]": 0.0, "dummy_x[*,20]": 0.0, "dummy_x[*,21]": 0.0, "dummy_x[*,22]": 0.0, "dummy_x[*,23]": 0.0, "dummy_x[*,24]": 0.0, "dummy_x[*,25]": 0.0, "dummy_x[*,26]": 0.0, "dummy_x[*,27]": 0.0, "dummy_x[*,28]": 0.0, "dummy_x[*,29]": 0.0, "dummy_x[*,30]": 0.0, "dummy_x[*,31]": 0.0, "dummy_x[*,32]": 0.0, "dummy_x[*,33]": 0.0, "dummy_x[*,34]": 0.0, "dummy_x[*,35]": 0.0, "dummy_x[*,36]": 0.0, "dummy_x[*,37]": 0.0, "dummy_x[*,38]": 0.0, "dummy_x[*,39]": 0.0, "dummy_x[*,40]": 0.0, "dummy_x[*,41]": 0.0, "dummy_x[*,42]": 0.0, "T[*,1]": 369.46931797493573, "T[*,2]": 368.06151843271135, "T[*,3]": 366.8386578743121, "T[*,4]": 365.4347239793255, "T[*,5]": 363.9150026020205, "T[*,6]": 362.3697148393015, "T[*,7]": 360.89192681501436, "T[*,8]": 359.5554606605471, "T[*,9]": 358.40277880640724, "T[*,10]": 357.445324862344, "T[*,11]": 356.6718101062605, "T[*,12]": 356.05838137180456, "T[*,13]": 355.5768561301169, "T[*,14]": 355.1999081852074, "T[*,15]": 354.9036350323373, "T[*,16]": 354.6683906573274, "T[*,17]": 354.4786659164956, "T[*,18]": 354.32254544862025, "T[*,19]": 354.19104460829783, "T[*,20]": 354.07747668806195, "T[*,21]": 353.9769109768848, "T[*,22]": 353.2582507008484, "T[*,23]": 352.72427421319225, "T[*,24]": 352.05693544413873, "T[*,25]": 351.23292504734127, "T[*,26]": 350.2439200499649, "T[*,27]": 349.0981475072926, "T[*,28]": 347.8239720095898, "T[*,29]": 346.4683198751328, "T[*,30]": 345.0891441637881, "T[*,31]": 343.74444637630563, "T[*,32]": 342.4822801502421, "T[*,33]": 341.33513750717054, "T[*,34]": 340.3193311336952, "T[*,35]": 339.43779206557866, "T[*,36]": 338.6841669973089, "T[*,37]": 338.0467018948635, "T[*,38]": 337.5112333558679, "T[*,39]": 337.063190492851, "T[*,40]": 336.68877840870164, "T[*,41]": 336.3755789106731, "T[*,42]": 336.11277618649615, "Tdot[*,1]": 0.0, "Tdot[*,2]": 0.0, "Tdot[*,3]": 0.0, "Tdot[*,4]": 0.0, "Tdot[*,5]": 0.0, "Tdot[*,6]": 0.0, "Tdot[*,7]": 0.0, "Tdot[*,8]": 0.0, "Tdot[*,9]": 0.0, "Tdot[*,10]": 0.0, "Tdot[*,11]": 0.0, "Tdot[*,12]": 0.0, "Tdot[*,13]": 0.0, "Tdot[*,14]": 0.0, "Tdot[*,15]": 0.0, "Tdot[*,16]": 0.0, "Tdot[*,17]": 0.0, "Tdot[*,18]": 0.0, "Tdot[*,19]": 0.0, "Tdot[*,20]": 0.0, "Tdot[*,21]": 0.0, "Tdot[*,22]": 0.0, "Tdot[*,23]": 0.0, "Tdot[*,24]": 0.0, "Tdot[*,25]": 0.0, "Tdot[*,26]": 0.0, "Tdot[*,27]": 0.0, "Tdot[*,28]": 0.0, "Tdot[*,29]": 0.0, "Tdot[*,30]": 0.0, "Tdot[*,31]": 0.0, "Tdot[*,32]": 0.0, "Tdot[*,33]": 0.0, "Tdot[*,34]": 0.0, "Tdot[*,35]": 0.0, "Tdot[*,36]": 0.0, "Tdot[*,37]": 0.0, "Tdot[*,38]": 0.0, "Tdot[*,39]": 0.0, "Tdot[*,40]": 0.0, "Tdot[*,41]": 0.0, "Tdot[*,42]": 0.0, "pm[*,1]": 314934.51173159666, "pm[*,2]": 300884.97339829005, "pm[*,3]": 289100.08782827685, "pm[*,4]": 276037.76766018517, "pm[*,5]": 262445.9979503939, "pm[*,6]": 249192.05298674753, "pm[*,7]": 237034.8916499188, "pm[*,8]": 226463.22211380515, "pm[*,9]": 217659.00738734286, "pm[*,10]": 210561.4691645797, "pm[*,11]": 204967.35488737657, "pm[*,12]": 200618.3898247669, "pm[*,13]": 197257.99558269724, "pm[*,14]": 194659.84910380293, "pm[*,15]": 192637.58663854087, "pm[*,16]": 191044.23207282825, "pm[*,17]": 189767.10913423594, "pm[*,18]": 188721.47179895925, "pm[*,19]": 187844.4132766344, "pm[*,20]": 187089.66426644352, "pm[*,21]": 186423.41210122663, "pm[*,22]": 181718.91611929922, "pm[*,23]": 178287.12249381855, "pm[*,24]": 174073.51392268515, "pm[*,25]": 168984.330792345, "pm[*,26]": 163038.87235612262, "pm[*,27]": 156368.04770054884, "pm[*,28]": 149216.1720702049, "pm[*,29]": 141906.21401796665, "pm[*,30]": 134776.17250644206, "pm[*,31]": 128112.7542919459, "pm[*,32]": 122109.1818312152, "pm[*,33]": 116857.120051219, "pm[*,34]": 112364.34191321205, "pm[*,35]": 108582.67161607316, "pm[*,36]": 105434.23332002589, "pm[*,37]": 102830.73393384376, "pm[*,38]": 100685.370687116, "pm[*,39]": 98919.04410743127, "pm[*,40]": 97462.86236677616, "pm[*,41]": 96258.51257809765, "pm[*,42]": 95257.54786725978, "pn[*,1]": 97915.6351035543, "pn[*,2]": 92813.10537928034, "pn[*,3]": 88559.39536427252, "pn[*,4]": 83874.05725218928, "pn[*,5]": 79033.35578919399, "pn[*,6]": 74348.76638267383, "pn[*,7]": 70084.66311882876, "pn[*,8]": 66403.59003005587, "pn[*,9]": 63358.008871539205, "pn[*,10]": 60916.65214332841, "pn[*,11]": 59001.45624802773, "pn[*,12]": 57518.20648442899, "pn[*,13]": 56375.58585601573, "pn[*,14]": 55494.26033921024, "pn[*,15]": 54809.57491779134, "pn[*,16]": 54270.912601483586, "pn[*,17]": 53839.675659837914, "pn[*,18]": 53486.948183883964, "pn[*,19]": 53191.32905747891, "pn[*,20]": 52937.11233536656, "pn[*,21]": 52712.840077103356, "pn[*,22]": 51132.9145207268, "pn[*,23]": 49984.55292799385, "pn[*,24]": 48579.479739243936, "pn[*,25]": 46889.82737582312, "pn[*,26]": 44926.45043447359, "pn[*,27]": 42737.60534049194, "pn[*,28]": 40408.174653980386, "pn[*,29]": 38046.61975760266, "pn[*,30]": 35763.04245805414, "pn[*,31]": 33647.59371653577, "pn[*,32]": 31757.903439695736, "pn[*,33]": 30118.04600355279, "pn[*,34]": 28725.55241125401, "pn[*,35]": 27561.1162865288, "pn[*,36]": 26597.19130023337,