{"M[*,1]": 104397.74985381523, "M[*,2]": 3364.5795593524686, "M[*,3]": 3366.3339397500413, "M[*,4]": 3368.821084482035, "M[*,5]": 3372.406875081515, "M[*,6]": 3377.5455531123425, "M[*,7]": 3384.845499086751, "M[*,8]": 3395.0873179127993, "M[*,9]": 3409.2086080883173, "M[*,10]": 3428.2217276726765, "M[*,11]": 3453.028178096514, "M[*,12]": 3484.119980981878, "M[*,13]": 3521.2319335975026, "M[*,14]": 3563.1054907104512, "M[*,15]": 3607.5544286251406, "M[*,16]": 3651.8947218657813, "M[*,17]": 3693.5723911770715, "M[*,18]": 3730.695051816248, "M[*,19]": 3762.263213598557, "M[*,20]": 3788.0990092324955, "M[*,21]": 3808.6050868923858, "M[*,22]": 2945.9290594849545, "M[*,23]": 2964.93028887972, "M[*,24]": 2990.867716754532, "M[*,25]": 3025.5445510152545, "M[*,26]": 3070.953472521494, "M[*,27]": 3128.884276918565, "M[*,28]": 3200.486894666795, "M[*,29]": 3285.8003266240044, "M[*,30]": 3383.425564133225, "M[*,31]": 3490.5202393363784, "M[*,32]": 3603.1685498463285, "M[*,33]": 3717.005999143776, "M[*,34]": 3827.88059695276, "M[*,35]": 3932.361068057217, "M[*,36]": 4028.005255053826, "M[*,37]": 4113.400379307978, "M[*,38]": 4188.041836437515, "M[*,39]": 4252.129187828861, "M[*,40]": 4306.343858554703, "M[*,41]": 4351.649611310512, "M[*,42]": 4735.001136346198, "x[*,1]": 0.0011397010927447597, "x[*,2]": 0.0024969568486444193, "x[*,3]": 0.003950805089213968, "x[*,4]": 0.006052226878303858, "x[*,5]": 0.009074253639326362, "x[*,6]": 0.01338834059906951, "x[*,7]": 0.019482622072872813, "x[*,8]": 0.027965669288836037, "x[*,9]": 0.039536197920231574, "x[*,10]": 0.05489259032546709, "x[*,11]": 0.07456195037234013, "x[*,12]": 0.09866209120412459, "x[*,13]": 0.1266744050990164, "x[*,14]": 0.1573627443178833, "x[*,15]": 0.18894761706810648, "x[*,16]": 0.219506512919519, "x[*,17]": 0.2474188413394737, "x[*,18]": 0.27165294297381937, "x[*,19]": 0.29181526439064087, "x[*,20]": 0.3080208433647729, "x[*,21]": 0.320697312687888, "x[*,22]": 0.32881191450033187, "x[*,23]": 0.3415285619259029, "x[*,24]": 0.3585994832412035, "x[*,25]": 0.3809946551784626, "x[*,26]": 0.40958489864163083, "x[*,27]": 0.44488020226534414, "x[*,28]": 0.48675942173136266, "x[*,29]": 0.5342842781775611, "x[*,30]": 0.5857208442929345, "x[*,31]": 0.6388116672401107, "x[*,32]": 0.691205071107266, "x[*,33]": 0.7408657038348593, "x[*,34]": 0.786327135186099, "x[*,35]": 0.82675327912047, "x[*,36]": 0.8618597894705647, "x[*,37]": 0.8917711459378413, "x[*,38]": 0.9168721153181213, "x[*,39]": 0.9376843351609674, "x[*,40]": 0.9547771529014446, "x[*,41]": 0.9687101023767108, "x[*,42]": 0.98, "dummy_x[*,1]": 0.0, "dummy_x[*,2]": 0.0, "dummy_x[*,3]": 0.0, "dummy_x[*,4]": 0.0, "dummy_x[*,5]": 0.0, "dummy_x[*,6]": 0.0, "dummy_x[*,7]": 0.0, "dummy_x[*,8]": 0.0, "dummy_x[*,9]": 0.0, "dummy_x[*,10]": 0.0, "dummy_x[*,11]": 0.0, "dummy_x[*,12]": 0.0, "dummy_x[*,13]": 0.0, "dummy_x[*,14]": 0.0, "dummy_x[*,15]": 0.0, "dummy_x[*,16]": 0.0, "dummy_x[*,17]": 0.0, "dummy_x[*,18]": 0.0, "dummy_x[*,19]": 0.0, "dummy_x[*,20]": 0.0, "dummy_x[*,21]": 0.0, "dummy_x[*,22]": 0.0, "dummy_x[*,23]": 0.0, "dummy_x[*,24]": 0.0, "dummy_x[*,25]": 0.0, "dummy_x[*,26]": 0.0, "dummy_x[*,27]": 0.0, "dummy_x[*,28]": 0.0, "dummy_x[*,29]": 0.0, "dummy_x[*,30]": 0.0, "dummy_x[*,31]": 0.0, "dummy_x[*,32]": 0.0, "dummy_x[*,33]": 0.0, "dummy_x[*,34]": 0.0, "dummy_x[*,35]": 0.0, "dummy_x[*,36]": -1.1116041091592475e-38, "dummy_x[*,37]": 0.0, "dummy_x[*,38]": 2.741361306797411e-38, "dummy_x[*,39]": 0.0, "dummy_x[*,40]": 0.0, "dummy_x[*,41]": 0.0, "dummy_x[*,42]": 0.0, "T[*,1]": 370.71855983633, "T[*,2]": 370.5745098295315, "T[*,3]": 370.4248831783569, "T[*,4]": 370.2377862199197, "T[*,5]": 369.99785959986525, "T[*,6]": 369.68461582547184, "T[*,7]": 369.2719301294178, "T[*,8]": 368.7287362555887, "T[*,9]": 368.0220827800155, "T[*,10]": 367.12374545255426, "T[*,11]": 366.02056666290264, "T[*,12]": 364.72604253395167, "T[*,13]": 363.28734937512013, "T[*,14]": 361.7813426057152, "T[*,15]": 360.2981512588798, "T[*,16]": 358.9192706068618, "T[*,17]": 357.70081848578263, "T[*,18]": 356.6681774504438, "T[*,19]": 355.8206468475528, "T[*,20]": 355.140651623111, "T[*,21]": 354.60269047013946, "T[*,22]": 354.2540889561651, "T[*,23]": 353.7428229086859, "T[*,24]": 353.08524838341197, "T[*,25]": 352.2573822369377, "T[*,26]": 351.2443289029965, "T[*,27]": 350.04901883749966, "T[*,28]": 348.698263782181, "T[*,29]": 347.2427723917941, "T[*,30]": 345.7491402531533, "T[*,31]": 344.28629548718885, "T[*,32]": 342.91227462961194, "T[*,33]": 341.6664237256233, "T[*,34]": 340.56827676445806, "T[*,35]": 339.6210615027398, "T[*,36]": 338.816914920901, "T[*,37]": 338.1417499541231, "T[*,38]": 337.578905866853, "T[*,39]": 337.111508762645, "T[*,40]": 336.72380580492654, "T[*,41]": 336.4017962673368, "T[*,42]": 336.13342815414245, "Tdot[*,1]": -2.008411023993544e-42, "Tdot[*,2]": 0.0, "Tdot[*,3]": 0.0, "Tdot[*,4]": 0.0, "Tdot[*,5]": 0.0, "Tdot[*,6]": 0.0, "Tdot[*,7]": 0.0, "Tdot[*,8]": 0.0, "Tdot[*,9]": 0.0, "Tdot[*,10]": 0.0, "Tdot[*,11]": 0.0, "Tdot[*,12]": 0.0, "Tdot[*,13]": 0.0, "Tdot[*,14]": 0.0, "Tdot[*,15]": 0.0, "Tdot[*,16]": 0.0, "Tdot[*,17]": 0.0, "Tdot[*,18]": 0.0, "Tdot[*,19]": 0.0, "Tdot[*,20]": 0.0, "Tdot[*,21]": 0.0, "Tdot[*,22]": 0.0, "Tdot[*,23]": 0.0, "Tdot[*,24]": 0.0, "Tdot[*,25]": 0.0, "Tdot[*,26]": 0.0, "Tdot[*,27]": 0.0, "Tdot[*,28]": 0.0, "Tdot[*,29]": 0.0, "Tdot[*,30]": 0.0, "Tdot[*,31]": 0.0, "Tdot[*,32]": 0.0, "Tdot[*,33]": 0.0, "Tdot[*,34]": 0.0, "Tdot[*,35]": 0.0, "Tdot[*,36]": 2.350070346682995e-37, "Tdot[*,37]": 0.0, "Tdot[*,38]": -5.53584370840371e-37, "Tdot[*,39]": 0.0, "Tdot[*,40]": 0.0, "Tdot[*,41]": 0.0, "Tdot[*,42]": 9.183549615799121e-41, "pm[*,1]": 327845.21433948976, "pm[*,2]": 326334.8568161209, "pm[*,3]": 324772.0344149097, "pm[*,4]": 322826.425617571, "pm[*,5]": 320345.3521181297, "pm[*,6]": 317129.5160783282, "pm[*,7]": 312933.00057309866, "pm[*,8]": 307478.4971536763, "pm[*,9]": 300498.9059510007, "pm[*,10]": 291813.23645238567, "pm[*,11]": 281428.55800954683, "pm[*,12]": 269629.75133913965, "pm[*,13]": 256994.737369605, "pm[*,14]": 244291.9921652632, "pm[*,15]": 232289.16425717997, "pm[*,16]": 221568.5629145201, "pm[*,17]": 212436.54722906917, "pm[*,18]": 204941.3745423272, "pm[*,19]": 198953.488195251, "pm[*,20]": 194253.99185908667, "pm[*,21]": 190601.1759386048, "pm[*,22]": 188264.47425281294, "pm[*,23]": 184880.13486299437, "pm[*,24]": 180601.14396108768, "pm[*,25]": 175330.4217056295, "pm[*,26]": 169053.9148029818, "pm[*,27]": 161887.83799788362, "pm[*,28]": 154093.663903711, "pm[*,29]": 146044.98984524197, "pm[*,30]": 138150.238455934, "pm[*,31]": 130764.13992814839, "pm[*,32]": 124127.67295891329, "pm[*,33]": 118354.22641630436, "pm[*,34]": 113451.88560080437, "pm[*,35]": 109360.02584994171, "pm[*,36]": 105983.23703779401, "pm[*,37]": 103215.49353615008, "pm[*,38]": 100954.42614852624, "pm[*,39]": 99108.27929066426, "pm[*,40]": 97598.33075261979, "pm[*,41]": 96358.84846103768, "pm[*,42]": 95335.89178524044, "pn[*,1]": 102633.32576449195, "pn[*,2]": 102080.04541282507, "pn[*,3]": 101507.92702829817, "pn[*,4]": 100796.22283894796, "pn[*,5]": 99889.52793509643, "pn[*,6]": 98715.80281532745, "pn[*,7]": 97186.69629003403, "pn[*,8]": 95203.5901524863, "pn[*,9]": 92673.36841510219, "pn[*,10]": 89536.50632049507, "pn[*,11]": 85803.839442609, "pn[*,12]": 81587.34273173276, "pn[*,13]": 77102.22272571975, "pn[*,14]": 72626.19980937324, "pn[*,15]": 68429.01532726812, "pn[*,16]": 64708.10867488617, "pn[*,17]": 61560.39796277102, "pn[*,18]": 58992.580602865775, "pn[*,19]": 56951.715015656955, "pn[*,20]": 55356.75638967697, "pn[*,21]": 54121.256647474744, "pn[*,22]": 53332.886208618256, "pn[*,23]": 52193.84080210801, "pn[*,24]": 50758.492162280076, "pn[*,25]": 48998.036436524744, "pn[*,26]": 46912.874309489715, "pn[*,27]": 44547.69220647169, "pn[*,28]": 41994.84253265976, "pn[*,29]": 39381.23013609198, "pn[*,30]": 36841.1624916803, "pn[*,31]": 34487.10998525281, "pn[*,32]": 32391.474244479487, "pn[*,33]": 30584.190751824248,