{"M[*,1]": 105434.82482838296, "M[*,2]": 3374.980101782748, "M[*,3]": 3399.2321240943975, "M[*,4]": 3429.037519257206, "M[*,5]": 3464.7030438247557, "M[*,6]": 3505.0414577100705, "M[*,7]": 3547.9565708201458, "M[*,8]": 3590.8526414919234, "M[*,9]": 3631.2427127681967, "M[*,10]": 3667.270455671441, "M[*,11]": 3697.943081223377, "M[*,12]": 3723.0685227508247, "M[*,13]": 3743.0240841707237, "M[*,14]": 3758.495926448404, "M[*,15]": 3770.2718617072246, "M[*,16]": 3779.110394311497, "M[*,17]": 3785.6750685828392, "M[*,18]": 3790.5128164571597, "M[*,19]": 3794.0570510153125, "M[*,20]": 3796.6421019879617, "M[*,21]": 3798.5210652575324, "M[*,22]": 2926.376757229029, "M[*,23]": 2946.2218677122623, "M[*,24]": 2972.0666387228703, "M[*,25]": 3006.135250594817, "M[*,26]": 3050.184133393945, "M[*,27]": 3105.757854901489, "M[*,28]": 3173.835543885234, "M[*,29]": 3254.445479769717, "M[*,30]": 3346.393529823742, "M[*,31]": 3447.2430440929415, "M[*,32]": 3553.5956503386137, "M[*,33]": 3661.592519161979, "M[*,34]": 3767.4717248951574, "M[*,35]": 3868.024690260698, "M[*,36]": 3960.8658644837615, "M[*,37]": 4044.5089982363925, "M[*,38]": 4118.294908518104, "M[*,39]": 4182.233272415766, "M[*,40]": 4236.814765047084, "M[*,41]": 4282.83280901113, "M[*,42]": 4667.102189005086, "x[*,1]": 0.019464205115298994, "x[*,2]": 0.04041109903314445, "x[*,3]": 0.05959873646637288, "x[*,4]": 0.08317602390085992, "x[*,5]": 0.11066353135104025, "x[*,6]": 0.14086519854125085, "x[*,7]": 0.17203446599376385, "x[*,8]": 0.20226581305692223, "x[*,9]": 0.2299380917779617, "x[*,10]": 0.25400665108304094, "x[*,11]": 0.2740599552569768, "x[*,12]": 0.2901958341494656, "x[*,13]": 0.30282825264661245, "x[*,14]": 0.31251079730836195, "x[*,15]": 0.3198136228070593, "x[*,16]": 0.3252546939489786, "x[*,17]": 0.32927108711562547, "x[*,18]": 0.3322145441422393, "x[*,19]": 0.33435925052469334, "x[*,20]": 0.3359142838299642, "x[*,21]": 0.3370366319267673, "x[*,22]": 0.35401510095026034, "x[*,23]": 0.3667918256853774, "x[*,24]": 0.38351234366767345, "x[*,25]": 0.4051521112391881, "x[*,26]": 0.43244813448162595, "x[*,27]": 0.4658140505854041, "x[*,28]": 0.5051248308305873, "x[*,29]": 0.549568721978687, "x[*,30]": 0.597660955017631, "x[*,31]": 0.6474540892589353, "x[*,32]": 0.696880450283022, "x[*,33]": 0.7440958773986031, "x[*,34]": 0.7877111293594855, "x[*,35]": 0.8268716396346247, "x[*,36]": 0.8612147703663022, "x[*,37]": 0.8907613712338565, "x[*,38]": 0.9157916035242234, "x[*,39]": 0.9367349842474187, "x[*,40]": 0.9540864947672787, "x[*,41]": 0.9683493602202695, "x[*,42]": 0.98, "dummy_x[*,1]": 0.0, "dummy_x[*,2]": 0.0, "dummy_x[*,3]": 0.0, "dummy_x[*,4]": 0.0, "dummy_x[*,5]": 0.0, "dummy_x[*,6]": 0.0, "dummy_x[*,7]": 0.0, "dummy_x[*,8]": 0.0, "dummy_x[*,9]": 0.0, "dummy_x[*,10]": 0.0, "dummy_x[*,11]": 0.0, "dummy_x[*,12]": 0.0, "dummy_x[*,13]": 0.0, "dummy_x[*,14]": 0.0, "dummy_x[*,15]": 0.0, "dummy_x[*,16]": 0.0, "dummy_x[*,17]": 0.0, "dummy_x[*,18]": 0.0, "dummy_x[*,19]": 0.0, "dummy_x[*,20]": 0.0, "dummy_x[*,21]": 0.0, "dummy_x[*,22]": 0.0, "dummy_x[*,23]": 0.0, "dummy_x[*,24]": 0.0, "dummy_x[*,25]": 0.0, "dummy_x[*,26]": 0.0, "dummy_x[*,27]": 0.0, "dummy_x[*,28]": 0.0, "dummy_x[*,29]": 0.0, "dummy_x[*,30]": 0.0, "dummy_x[*,31]": 0.0, "dummy_x[*,32]": 0.0, "dummy_x[*,33]": 0.0, "dummy_x[*,34]": 0.0, "dummy_x[*,35]": 0.0, "dummy_x[*,36]": 0.0, "dummy_x[*,37]": 0.0, "dummy_x[*,38]": 0.0, "dummy_x[*,39]": 0.0, "dummy_x[*,40]": 0.0, "dummy_x[*,41]": 0.0, "dummy_x[*,42]": 0.0, "T[*,1]": 369.66462395933456, "T[*,2]": 368.43285821940475, "T[*,3]": 367.3327015465913, "T[*,4]": 366.03754639921107, "T[*,5]": 364.5933932106529, "T[*,6]": 363.0770290369701, "T[*,7]": 361.57959765937085, "T[*,8]": 360.184353799689, "T[*,9]": 358.94930592238023, "T[*,10]": 357.90133662043075, "T[*,11]": 357.04063303356423, "T[*,12]": 356.34994237830574, "T[*,13]": 355.803693312363, "T[*,14]": 355.37459661949504, "T[*,15]": 355.03744315784763, "T[*,16]": 354.7707703113732, "T[*,17]": 354.5572177921147, "T[*,18]": 354.3832118280887, "T[*,19]": 354.2383821491822, "T[*,20]": 354.1149325041609, "T[*,21]": 354.0070678700722, "T[*,22]": 353.34949334948175, "T[*,23]": 352.85014461272533, "T[*,24]": 352.2227869090524, "T[*,25]": 351.4427310130225, "T[*,26]": 350.498069707553, "T[*,27]": 349.3919295412923, "T[*,28]": 348.14709508102237, "T[*,29]": 346.80607915306496, "T[*,30]": 345.4250730815219, "T[*,31]": 344.0634305041102, "T[*,32]": 342.7728983293225, "T[*,33]": 341.59058173027074, "T[*,34]": 340.53705762592506, "T[*,35]": 339.6184830301935, "T[*,36]": 338.8305552210027, "T[*,37]": 338.16257741238434, "T[*,38]": 337.6007352376936, "T[*,39]": 337.13036396317483, "T[*,40]": 336.73733310404975, "T[*,41]": 336.40878207942643, "T[*,42]": 336.1334283451096, "Tdot[*,1]": 0.0, "Tdot[*,2]": 0.0, "Tdot[*,3]": 0.0, "Tdot[*,4]": 0.0, "Tdot[*,5]": 0.0, "Tdot[*,6]": 0.0, "Tdot[*,7]": 0.0, "Tdot[*,8]": 0.0, "Tdot[*,9]": 0.0, "Tdot[*,10]": 0.0, "Tdot[*,11]": 0.0, "Tdot[*,12]": 0.0, "Tdot[*,13]": 0.0, "Tdot[*,14]": 0.0, "Tdot[*,15]": 0.0, "Tdot[*,16]": 0.0, "Tdot[*,17]": 0.0, "Tdot[*,18]": 0.0, "Tdot[*,19]": 0.0, "Tdot[*,20]": 0.0, "Tdot[*,21]": 0.0, "Tdot[*,22]": 0.0, "Tdot[*,23]": 0.0, "Tdot[*,24]": 0.0, "Tdot[*,25]": 0.0, "Tdot[*,26]": 0.0, "Tdot[*,27]": 0.0, "Tdot[*,28]": 0.0, "Tdot[*,29]": 0.0, "Tdot[*,30]": 0.0, "Tdot[*,31]": 0.0, "Tdot[*,32]": 0.0, "Tdot[*,33]": 0.0, "Tdot[*,34]": 0.0, "Tdot[*,35]": 0.0, "Tdot[*,36]": 0.0, "Tdot[*,37]": 0.0, "Tdot[*,38]": 0.0, "Tdot[*,39]": 0.0, "Tdot[*,40]": 0.0, "Tdot[*,41]": 0.0, "Tdot[*,42]": 0.0, "pm[*,1]": 316925.1713614276, "pm[*,2]": 304540.20490854705, "pm[*,3]": 293815.02298912336, "pm[*,4]": 281586.0748761413, "pm[*,5]": 268443.94079270394, "pm[*,6]": 255188.9450697778, "pm[*,7]": 242630.11810376775, "pm[*,8]": 231388.60424406335, "pm[*,9]": 221797.67548026008, "pm[*,10]": 213917.74804311417, "pm[*,11]": 207619.26683992226, "pm[*,12]": 202675.8778050616, "pm[*,13]": 198835.1948003878, "pm[*,14]": 195860.3801162589, "pm[*,15]": 193548.76431620214, "pm[*,16]": 191736.32997117672, "pm[*,17]": 190295.021820904, "pm[*,18]": 189127.22774587054, "pm[*,19]": 188159.74838622933, "pm[*,20]": 187338.3113573816, "pm[*,21]": 186622.9973343118, "pm[*,22]": 182310.72951021284, "pm[*,23]": 179091.22150010456, "pm[*,24]": 175112.95787773706, "pm[*,25]": 170268.3134116946, "pm[*,26]": 164549.95596903528, "pm[*,27]": 158056.58342565718, "pm[*,28]": 151003.7105246917, "pm[*,29]": 143699.14050602852, "pm[*,30]": 136484.88887712243, "pm[*,31]": 129668.15871568957, "pm[*,32]": 123470.39893110814, "pm[*,33]": 118010.09280898084, "pm[*,34]": 113315.02385194616, "pm[*,35]": 109349.05701036709, "pm[*,36]": 106039.783543917, "pm[*,37]": 103299.9640668507, "pm[*,38]": 101041.34396800993, "pm[*,39]": 99182.20613949938, "pm[*,40]": 97650.68953206517, "pm[*,41]": 96385.59841410343, "pm[*,42]": 95335.89250992883, "pn[*,1]": 98641.27751684286, "pn[*,2]": 94137.39105240729, "pn[*,3]": 90258.27502195271, "pn[*,4]": 85860.3090212385, "pn[*,5]": 81165.05741830992, "pn[*,6]": 76463.85465432411, "pn[*,7]": 72043.1645377707, "pn[*,8]": 68115.41578616762, "pn[*,9]": 64787.34398701892, "pn[*,10]": 62069.546973262826, "pn[*,11]": 59908.35377425643, "pn[*,12]": 58219.30409335857, "pn[*,13]": 56911.493537385024, "pn[*,14]": 55901.26550101895, "pn[*,15]": 55117.9349532477, "pn[*,16]": 54504.80106569817, "pn[*,17]": 54017.87606938174, "pn[*,18]": 53623.78580636167, "pn[*,19]": 53297.58969628944, "pn[*,20]": 53020.844221041596, "pn[*,21]": 52780.010515604, "pn[*,22]": 51331.30625329554, "pn[*,23]": 50253.30561500539, "pn[*,24]": 48925.58481571806, "pn[*,25]": 47315.345445284795, "pn[*,26]": 45424.356923944215, "pn[*,27]": 43290.21135457987, "pn[*,28]": 40988.672558513674, "pn[*,29]": 38623.976290214334, "pn[*,30]": 36308.4596198311, "pn[*,31]": 34139.724858956404, "pn[*,32]": 32184.96730208943, "pn[*,33]": 30476.94726496854, "pn[*,34]": 29019.394985705636, "pn[*,35]": 27796.520033930618, "pn[*,36]": 26782.188388083552, "pn[*,37]": 25946.703939974992,