{"M[*,1]": 105620.65453185076, "M[*,2]": 3380.6919004299953, "M[*,3]": 3408.168573774757, "M[*,4]": 3441.246072130395, "M[*,5]": 3479.844217558262, "M[*,6]": 3522.2585161170177, "M[*,7]": 3566.010790738426, "M[*,8]": 3608.412219737983, "M[*,9]": 3647.188226354112, "M[*,10]": 3680.882164224245, "M[*,11]": 3708.927657588735, "M[*,12]": 3731.4714449945395, "M[*,13]": 3749.1015866082585, "M[*,14]": 3762.6000374842893, "M[*,15]": 3772.770242801155, "M[*,16]": 3780.3408649923695, "M[*,17]": 3785.9257719737684, "M[*,18]": 3790.018121559817, "M[*,19]": 3793.001611650032, "M[*,20]": 3795.168241402302, "M[*,21]": 3796.736801519527, "M[*,22]": 2923.7009618473444, "M[*,23]": 2943.6756050930107, "M[*,24]": 2969.6634526336097, "M[*,25]": 3003.900112262671, "M[*,26]": 3048.1362432388455, "M[*,27]": 3103.9037258295143, "M[*,28]": 3172.1619759510977, "M[*,29]": 3252.9148663586257, "M[*,30]": 3344.9442725818058, "M[*,31]": 3445.796213133204, "M[*,32]": 3552.0662657323082, "M[*,33]": 3659.901833132, "M[*,34]": 3765.5569246728987, "M[*,35]": 3865.8440808022906, "M[*,36]": 3958.399496304785, "M[*,37]": 4041.755937985109, "M[*,38]": 4115.268730778475, "M[*,39]": 4178.957142163527, "M[*,40]": 4233.317020135238, "M[*,41]": 4279.143486688208, "M[*,42]": 4663.276053705046, "x[*,1]": 0.022723381998434027, "x[*,2]": 0.04682326658257569, "x[*,3]": 0.06839058052919902, "x[*,4]": 0.09429636417064055, "x[*,5]": 0.12369159796065023, "x[*,6]": 0.1550301461127598, "x[*,7]": 0.1863748714631998, "x[*,8]": 0.21586219770472828, "x[*,9]": 0.2421059455825988, "x[*,10]": 0.2643766497920924, "x[*,11]": 0.2825495479709049, "x[*,12]": 0.29692335631424044, "x[*,13]": 0.308020291866278, "x[*,14]": 0.31643037140351027, "x[*,15]": 0.3227154605623823, "x[*,16]": 0.3273628891820076, "x[*,17]": 0.3307715399613381, "x[*,18]": 0.33325566082073155, "x[*,19]": 0.3350564561683897, "x[*,20]": 0.336355740518121, "x[*,21]": 0.33728882333184734, "x[*,22]": 0.3545371074333653, "x[*,23]": 0.3673936774557692, "x[*,24]": 0.3842049355327557, "x[*,25]": 0.40594667834161313, "x[*,26]": 0.43334927704041565, "x[*,27]": 0.4668155608042289, "x[*,28]": 0.5062068026791973, "x[*,29]": 0.5506977956626256, "x[*,30]": 0.5987946494273301, "x[*,31]": 0.6485481405508859, "x[*,32]": 0.6978963988283484, "x[*,33]": 0.745006219086391, "x[*,34]": 0.7885009458029072, "x[*,35]": 0.8275373160130897, "x[*,36]": 0.8617611777804118, "x[*,37]": 0.8911987579819844, "x[*,38]": 0.9161329320499031, "x[*,39]": 0.9369939811476318, "x[*,40]": 0.9542763950031472, "x[*,41]": 0.9684822046330789, "x[*,42]": 0.9800863127903637, "dummy_x[*,1]": 0.0, "dummy_x[*,2]": 0.0, "dummy_x[*,3]": 0.0, "dummy_x[*,4]": 0.0, "dummy_x[*,5]": 0.0, "dummy_x[*,6]": 0.0, "dummy_x[*,7]": 0.0, "dummy_x[*,8]": 0.0, "dummy_x[*,9]": 0.0, "dummy_x[*,10]": 0.0, "dummy_x[*,11]": 0.0, "dummy_x[*,12]": 0.0, "dummy_x[*,13]": 0.0, "dummy_x[*,14]": 0.0, "dummy_x[*,15]": 0.0, "dummy_x[*,16]": 0.0, "dummy_x[*,17]": 0.0, "dummy_x[*,18]": 0.0, "dummy_x[*,19]": 0.0, "dummy_x[*,20]": 0.0, "dummy_x[*,21]": 0.0, "dummy_x[*,22]": 0.0, "dummy_x[*,23]": 0.0, "dummy_x[*,24]": 0.0, "dummy_x[*,25]": 0.0, "dummy_x[*,26]": 0.0, "dummy_x[*,27]": 0.0, "dummy_x[*,28]": 0.0, "dummy_x[*,29]": 0.0, "dummy_x[*,30]": 0.0, "dummy_x[*,31]": 0.0, "dummy_x[*,32]": 0.0, "dummy_x[*,33]": 0.0, "dummy_x[*,34]": 0.0, "dummy_x[*,35]": 0.0, "dummy_x[*,36]": 0.0, "dummy_x[*,37]": 0.0, "dummy_x[*,38]": 0.0, "dummy_x[*,39]": 0.0, "dummy_x[*,40]": 0.0, "dummy_x[*,41]": 0.0, "dummy_x[*,42]": 0.0, "T[*,1]": 369.48047199116036, "T[*,2]": 368.0834717798125, "T[*,3]": 366.86882637298805, "T[*,4]": 365.4728524834878, "T[*,5]": 363.95963545259514, "T[*,6]": 362.41843754120976, "T[*,7]": 360.9419826641686, "T[*,8]": 359.6044191510951, "T[*,9]": 358.4489505924966, "T[*,10]": 357.487838719563, "T[*,11]": 356.71045878824367, "T[*,12]": 356.0933889341125, "T[*,13]": 355.6086686867492, "T[*,14]": 355.22904613096057, "T[*,15]": 354.93060548572805, "T[*,16]": 354.6936443858925, "T[*,17]": 354.50258218342105, "T[*,18]": 354.3454322209628, "T[*,19]": 354.21314600987114, "T[*,20]": 354.0989829988977, "T[*,21]": 353.9979687249563, "T[*,22]": 353.33105070627386, "T[*,23]": 352.82920937619133, "T[*,24]": 352.199174652845, "T[*,25]": 351.4163263894338, "T[*,26]": 350.469055394231, "T[*,27]": 349.360876743243, "T[*,28]": 348.1149643405838, "T[*,29]": 346.774096358434, "T[*,30]": 345.3945058221658, "T[*,31]": 344.0353511740773, "T[*,32]": 342.74802687625686, "T[*,33]": 341.5692477832162, "T[*,34]": 340.51925859776634, "T[*,35]": 339.6039862217557, "T[*,36]": 338.81899979541555, "T[*,37]": 338.153553807961, "T[*,38]": 337.5938373706507, "T[*,39]": 337.12521856106025, "T[*,40]": 336.73361295891715, "T[*,41]": 336.40620930152306, "T[*,42]": 336.1317720619103, "Tdot[*,1]": 0.0, "Tdot[*,2]": 0.0, "Tdot[*,3]": 0.0, "Tdot[*,4]": 0.0, "Tdot[*,5]": 0.0, "Tdot[*,6]": 0.0, "Tdot[*,7]": 0.0, "Tdot[*,8]": 0.0, "Tdot[*,9]": 0.0, "Tdot[*,10]": 0.0, "Tdot[*,11]": 0.0, "Tdot[*,12]": 0.0, "Tdot[*,13]": 0.0, "Tdot[*,14]": 0.0, "Tdot[*,15]": 0.0, "Tdot[*,16]": 0.0, "Tdot[*,17]": 0.0, "Tdot[*,18]": 0.0, "Tdot[*,19]": 0.0, "Tdot[*,20]": 0.0, "Tdot[*,21]": 0.0, "Tdot[*,22]": 0.0, "Tdot[*,23]": 0.0, "Tdot[*,24]": 0.0, "Tdot[*,25]": 0.0, "Tdot[*,26]": 0.0, "Tdot[*,27]": 0.0, "Tdot[*,28]": 0.0, "Tdot[*,29]": 0.0, "Tdot[*,30]": 0.0, "Tdot[*,31]": 0.0, "Tdot[*,32]": 0.0, "Tdot[*,33]": 0.0, "Tdot[*,34]": 0.0, "Tdot[*,35]": 0.0, "Tdot[*,36]": 0.0, "Tdot[*,37]": 0.0, "Tdot[*,38]": 0.0, "Tdot[*,39]": 0.0, "Tdot[*,40]": 0.0, "Tdot[*,41]": 0.0, "Tdot[*,42]": 0.0, "pm[*,1]": 315047.9241188438, "pm[*,2]": 301100.0677338208, "pm[*,3]": 289386.2199482489, "pm[*,4]": 276386.0296427939, "pm[*,5]": 262837.2157756032, "pm[*,6]": 249601.40641204547, "pm[*,7]": 237438.56703899382, "pm[*,8]": 226843.54154615573, "pm[*,9]": 218006.17957838823, "pm[*,10]": 210872.53327082092, "pm[*,11]": 205243.93361228766, "pm[*,12]": 200864.51983022946, "pm[*,13]": 197478.56567494335, "pm[*,14]": 194859.67515266963, "pm[*,15]": 192820.95949368255, "pm[*,16]": 191214.7586940305, "pm[*,17]": 189927.71202340213, "pm[*,18]": 188874.46148281146, "pm[*,19]": 187991.58572368775, "pm[*,20]": 187232.39873888696, "pm[*,21]": 186562.75857404395, "pm[*,22]": 182190.97989085392, "pm[*,23]": 178957.27387166672, "pm[*,24]": 174964.66063036618, "pm[*,25]": 170106.27947174024, "pm[*,26]": 164376.86470132536, "pm[*,27]": 157877.3960670104, "pm[*,28]": 150825.17209869344, "pm[*,29]": 143528.5668078679, "pm[*,30]": 136328.66881949574, "pm[*,31]": 129530.61512977126, "pm[*,32]": 123353.41379742743, "pm[*,33]": 117913.43977322079, "pm[*,34]": 113237.05603390544, "pm[*,35]": 109287.40452047085, "pm[*,36]": 105991.8783584982, "pm[*,37]": 103263.35970867348, "pm[*,38]": 101013.8720578674, "pm[*,39]": 99162.02766083069, "pm[*,40]": 97636.28800148307, "pm[*,41]": 96375.74605681445, "pm[*,42]": 95329.6073648405, "pn[*,1]": 97956.95907285123, "pn[*,2]": 92890.96990756357, "pn[*,3]": 88662.38006428575, "pn[*,4]": 83998.56121529275, "pn[*,5]": 79172.1779863432, "pn[*,6]": 74492.90315437698, "pn[*,7]": 70225.7287584707, "pn[*,8]": 66535.56866408658, "pn[*,9]": 63477.747938406166, "pn[*,10]": 61023.38392059142, "pn[*,11]": 59095.95459054544, "pn[*,12]": 57602.0167520468, "pn[*,13]": 56450.49140071219, "pn[*,14]": 55561.97793318467, "pn[*,15]": 54871.61316538334, "pn[*,16]": 54328.5280457414, "pn[*,17]": 53893.87984277011, "pn[*,18]": 53538.53708053468, "pn[*,19]": 53240.91921239911, "pn[*,20]": 52985.175974625796, "pn[*,21]": 52759.73593625595, "pn[*,22]": 51291.15456568009, "pn[*,23]": 50208.52292004774, "pn[*,24]": 48876.18556676605, "pn[*,25]": 47261.617534632875, "pn[*,26]": 45367.28442741963, "pn[*,27]": 43231.52200659721, "pn[*,28]": 40930.640555686026, "pn[*,29]": 38568.995382179506, "pn[*,30]": 36258.54572121553, "pn[*,31]": 34096.16449876662, "pn[*,32]": 32148.232228698227, "pn[*,33]": 30446.836888591566, "pn[*,34]": 28995.279627179814, "pn[*,35]": 27777.571810585632, "pn[*,36]": 26767.546273973723,