{"M[*,1]": 105553.9017960177, "M[*,2]": 3377.6237642458086, "M[*,3]": 3403.9367564554423, "M[*,4]": 3435.8337264516063, "M[*,5]": 3473.3723895323865, "M[*,6]": 3515.0291389501162, "M[*,7]": 3558.454620487526, "M[*,8]": 3600.9861352213156, "M[*,9]": 3640.271578555612, "M[*,10]": 3674.716694565495, "M[*,11]": 3703.6119681495475, "M[*,12]": 3726.9922353943666, "M[*,13]": 3745.376681033786, "M[*,14]": 3759.5161214132936, "M[*,15]": 3770.2088426491696, "M[*,16]": 3778.192988634226, "M[*,17]": 3784.098288081847, "M[*,18]": 3788.435102899495, "M[*,19]": 3791.603071809926, "M[*,20]": 3793.907803027719, "M[*,21]": 3795.579149742478, "M[*,22]": 2920.61293608191, "M[*,23]": 2939.325586529799, "M[*,24]": 2963.7623750022144, "M[*,25]": 2996.0879816756624, "M[*,26]": 3038.068036077996, "M[*,27]": 3091.3181326566455, "M[*,28]": 3156.9653550349203, "M[*,29]": 3235.256991000797, "M[*,30]": 3325.253082984769, "M[*,31]": 3424.7479213065512, "M[*,32]": 3530.4936060834725, "M[*,33]": 3638.670057995596, "M[*,34]": 3745.446487458386, "M[*,35]": 3847.468671590487, "M[*,36]": 3942.169424817925, "M[*,37]": 4027.8813080034247, "M[*,38]": 4103.789101073983, "M[*,39]": 4169.783517482147, "M[*,40]": 4226.275104997458, "M[*,41]": 4274.011435689551, "M[*,42]": 4659.550720190895, "x[*,1]": 0.02155770053351338, "x[*,2]": 0.04452713925379778, "x[*,3]": 0.06524209572823768, "x[*,4]": 0.0903155909737777, "x[*,5]": 0.11902955757204747, "x[*,6]": 0.14995832919158386, "x[*,7]": 0.18122633160936658, "x[*,8]": 0.21095051074080184, "x[*,9]": 0.2376612410440631, "x[*,10]": 0.2605215159788119, "x[*,11]": 0.27931092021259735, "x[*,12]": 0.2942622070996314, "x[*,13]": 0.3058624673215356, "x[*,14]": 0.3146900524320721, "x[*,15]": 0.3213096097013978, "x[*,16]": 0.3262184219326951, "x[*,17]": 0.3298277401935239, "x[*,18]": 0.33246395358358816, "x[*,19]": 0.3343789612632373, "x[*,20]": 0.3357634382546447, "x[*,21]": 0.33675975930896196, "x[*,22]": 0.35276521732656335, "x[*,23]": 0.36483511409663466, "x[*,24]": 0.3806880853652653, "x[*,25]": 0.40129958641072233, "x[*,26]": 0.4274462899867273, "x[*,27]": 0.45962447570933124, "x[*,28]": 0.49783172855938546, "x[*,29]": 0.5413967789204189, "x[*,30]": 0.5889554663726508, "x[*,31]": 0.6386244028180131, "x[*,32]": 0.6883273338321335, "x[*,33]": 0.7361501246028475, "x[*,34]": 0.7806006303537694, "x[*,35]": 0.8207178997021644, "x[*,36]": 0.8560492423648838, "x[*,37]": 0.8865500090665916, "x[*,38]": 0.912459225681494, "x[*,39]": 0.9341852123092312, "x[*,40]": 0.9522161163822602, "x[*,41]": 0.9670576220703999, "x[*,42]": 0.9791939423374448, "dummy_x[*,1]": 0.0, "dummy_x[*,2]": 0.0, "dummy_x[*,3]": 0.0, "dummy_x[*,4]": 0.0, "dummy_x[*,5]": 0.0, "dummy_x[*,6]": 0.0, "dummy_x[*,7]": 0.0, "dummy_x[*,8]": 0.0, "dummy_x[*,9]": 0.0, "dummy_x[*,10]": 0.0, "dummy_x[*,11]": 0.0, "dummy_x[*,12]": 0.0, "dummy_x[*,13]": 0.0, "dummy_x[*,14]": 0.0, "dummy_x[*,15]": 0.0, "dummy_x[*,16]": 0.0, "dummy_x[*,17]": 0.0, "dummy_x[*,18]": 0.0, "dummy_x[*,19]": 0.0, "dummy_x[*,20]": 0.0, "dummy_x[*,21]": 0.0, "dummy_x[*,22]": 0.0, "dummy_x[*,23]": 0.0, "dummy_x[*,24]": 0.0, "dummy_x[*,25]": 0.0, "dummy_x[*,26]": 0.0, "dummy_x[*,27]": 0.0, "dummy_x[*,28]": 0.0, "dummy_x[*,29]": 0.0, "dummy_x[*,30]": 0.0, "dummy_x[*,31]": 0.0, "dummy_x[*,32]": 0.0, "dummy_x[*,33]": 0.0, "dummy_x[*,34]": 0.0, "dummy_x[*,35]": 0.0, "dummy_x[*,36]": 0.0, "dummy_x[*,37]": 0.0, "dummy_x[*,38]": 0.0, "dummy_x[*,39]": 0.0, "dummy_x[*,40]": 0.0, "dummy_x[*,41]": 0.0, "dummy_x[*,42]": 0.0, "T[*,1]": 369.54622357118575, "T[*,2]": 368.20817233464805, "T[*,3]": 367.03421305671225, "T[*,4]": 365.6738940114865, "T[*,5]": 364.1850108769604, "T[*,6]": 362.65269754139666, "T[*,7]": 361.1694214460649, "T[*,8]": 359.8126741421695, "T[*,9]": 358.63077736792246, "T[*,10]": 357.64090323642927, "T[*,11]": 356.8359875286163, "T[*,12]": 356.19460864727677, "T[*,13]": 355.689566202239, "T[*,14]": 355.29358335092303, "T[*,15]": 354.9823167860197, "T[*,16]": 354.73548836974663, "T[*,17]": 354.5369366818209, "T[*,18]": 354.3741569351512, "T[*,19]": 354.2376683986549, "T[*,20]": 354.1203844339488, "T[*,21]": 354.01706077779505, "T[*,22]": 353.39369968088477, "T[*,23]": 352.9183130850093, "T[*,24]": 352.3192744297664, "T[*,25]": 351.5711036643863, "T[*,26]": 350.6596592316363, "T[*,27]": 349.5846129520269, "T[*,28]": 348.3646563153399, "T[*,29]": 347.0386897875233, "T[*,30]": 345.6609624740296, "T[*,31]": 344.2911453485563, "T[*,32]": 342.9832311526656, "T[*,33]": 341.7775431617693, "T[*,34]": 340.697857819558, "T[*,35]": 339.7528907133318, "T[*,36]": 338.9400590313439, "T[*,37]": 338.24962802905196, "T[*,38]": 337.6681796492515, "T[*,39]": 337.18107661232534, "T[*,40]": 336.77400384151326, "T[*,41]": 336.4338130328797, "T[*,42]": 336.14889946801213, "Tdot[*,1]": 0.0, "Tdot[*,2]": 0.0, "Tdot[*,3]": 0.0, "Tdot[*,4]": 0.0, "Tdot[*,5]": 0.0, "Tdot[*,6]": 0.0, "Tdot[*,7]": 0.0, "Tdot[*,8]": 0.0, "Tdot[*,9]": 0.0, "Tdot[*,10]": 0.0, "Tdot[*,11]": 0.0, "Tdot[*,12]": 0.0, "Tdot[*,13]": 0.0, "Tdot[*,14]": 0.0, "Tdot[*,15]": 0.0, "Tdot[*,16]": 0.0, "Tdot[*,17]": 0.0, "Tdot[*,18]": 0.0, "Tdot[*,19]": 0.0, "Tdot[*,20]": 0.0, "Tdot[*,21]": 0.0, "Tdot[*,22]": 0.0, "Tdot[*,23]": 0.0, "Tdot[*,24]": 0.0, "Tdot[*,25]": 0.0, "Tdot[*,26]": 0.0, "Tdot[*,27]": 0.0, "Tdot[*,28]": 0.0, "Tdot[*,29]": 0.0, "Tdot[*,30]": 0.0, "Tdot[*,31]": 0.0, "Tdot[*,32]": 0.0, "Tdot[*,33]": 0.0, "Tdot[*,34]": 0.0, "Tdot[*,35]": 0.0, "Tdot[*,36]": 0.0, "Tdot[*,37]": 0.0, "Tdot[*,38]": 0.0, "Tdot[*,39]": 0.0, "Tdot[*,40]": 0.0, "Tdot[*,41]": 0.0, "Tdot[*,42]": 0.0, "pm[*,1]": 315717.15322140686, "pm[*,2]": 302324.2394996653, "pm[*,3]": 290958.93626952136, "pm[*,4]": 278228.2673280856, "pm[*,5]": 264819.9812388669, "pm[*,6]": 251577.28595159532, "pm[*,7]": 239279.85229620567, "pm[*,8]": 228467.16960731428, "pm[*,9]": 219377.78553075957, "pm[*,10]": 211995.60009397927, "pm[*,11]": 206144.3633643145, "pm[*,12]": 201577.5696866692, "pm[*,13]": 198040.37713827987, "pm[*,14]": 195302.86812370265, "pm[*,15]": 193172.94791223906, "pm[*,16]": 191497.58739068804, "pm[*,17]": 190158.60572134124, "pm[*,18]": 189066.62018663282, "pm[*,19]": 188154.9905612287, "pm[*,20]": 187374.5261872697, "pm[*,21]": 186689.171498432, "pm[*,22]": 182598.0289794636, "pm[*,23]": 179527.94916726454, "pm[*,24]": 175720.0273286318, "pm[*,25]": 171057.89747573336, "pm[*,26]": 165516.70892950732, "pm[*,27]": 159172.2056999673, "pm[*,28]": 152217.22004890096, "pm[*,29]": 144944.77628608045, "pm[*,30]": 137695.44372431954, "pm[*,31]": 130788.07515703699, "pm[*,32]": 124463.40507456308, "pm[*,33]": 118859.93644688425, "pm[*,34]": 114021.42611471804, "pm[*,35]": 109922.04879789824, "pm[*,36]": 106494.64708071105, "pm[*,37]": 103653.64094857904, "pm[*,38]": 101310.28059164298, "pm[*,39]": 99381.26656835724, "pm[*,40]": 97792.74506137185, "pm[*,41]": 96481.4973367524, "pm[*,42]": 95394.61790480548, "pn[*,1]": 98200.8486447806, "pn[*,2]": 93334.27473633699, "pn[*,3]": 89228.69637769727, "pn[*,4]": 84657.54589890287, "pn[*,5]": 79876.22672443365, "pn[*,6]": 75189.12628761052, "pn[*,7]": 70869.63391773797, "pn[*,8]": 67099.38299755951, "pn[*,9]": 63951.10134506391, "pn[*,10]": 61408.9332738144, "pn[*,11]": 59403.742019654805, "pn[*,12]": 57844.910465187655, "pn[*,13]": 56641.34233958863, "pn[*,14]": 55712.20777622454, "pn[*,15]": 54990.72336213521, "pn[*,16]": 54424.10483034661, "pn[*,17]": 53971.82033022906, "pn[*,18]": 53603.34345112555, "pn[*,19]": 53295.986207057984, "pn[*,20]": 53033.04105011304, "pn[*,21]": 52802.283987036324, "pn[*,22]": 51427.65425271004, "pn[*,23]": 50399.35439204451, "pn[*,24]": 49127.87646573176, "pn[*,25]": 47577.27879279788, "pn[*,26]": 45743.30124707767, "pn[*,27]": 43655.8603179172, "pn[*,28]": 41383.41549722715, "pn[*,29]": 39025.81616248526, "pn[*,30]": 36695.57551549613, "pn[*,31]": 34494.70219994477, "pn[*,32]": 32497.03077876585, "pn[*,33]": 30741.886696479978, "pn[*,34]": 29238.018830039837, "pn[*,35]": 27972.71434961359, "pn[*,36]": 26921.275818948954,