{"M[*,1]": 104737.00137631998, "M[*,2]": 3355.5973620300642, "M[*,3]": 3365.634928373083, "M[*,4]": 3379.072737487502, "M[*,5]": 3397.030902094952, "M[*,6]": 3420.3119376438485, "M[*,7]": 3449.3533147936573, "M[*,8]": 3483.9280844147393, "M[*,9]": 3522.9384982267147, "M[*,10]": 3564.460870317077, "M[*,11]": 3606.1000592711243, "M[*,12]": 3645.5263956551075, "M[*,13]": 3680.952746070586, "M[*,14]": 3711.3683050136865, "M[*,15]": 3736.507951827176, "M[*,16]": 3756.6583584808277, "M[*,17]": 3772.4235889327097, "M[*,18]": 3784.529485667744, "M[*,19]": 3793.693951302353, "M[*,20]": 3800.5575084519583, "M[*,21]": 3805.6565518666425, "M[*,22]": 2937.897459568622, "M[*,23]": 2957.6394357409636, "M[*,24]": 2983.5415995926464, "M[*,25]": 3017.762031185764, "M[*,26]": 3062.0956794769827, "M[*,27]": 3118.126152322074, "M[*,28]": 3186.858943317834, "M[*,29]": 3268.3227720084546, "M[*,30]": 3361.2895124299116, "M[*,31]": 3463.2563261347123, "M[*,32]": 3570.740170434676, "M[*,33]": 3679.79839293615, "M[*,34]": 3786.602829527585, "M[*,35]": 3887.905140653714, "M[*,36]": 3981.3070179700157, "M[*,37]": 4065.3312363061405, "M[*,38]": 4139.341806987491, "M[*,39]": 4203.378386943021, "M[*,40]": 4257.962676559413, "M[*,41]": 4303.91647132208, "M[*,42]": 4688.078396052757, "x[*,1]": 0.007158911685283528, "x[*,2]": 0.015316582418399702, "x[*,3]": 0.023517144914634622, "x[*,4]": 0.03461626202451521, "x[*,5]": 0.04924728158466563, "x[*,6]": 0.06788620609889487, "x[*,7]": 0.0906439573901899, "x[*,8]": 0.11706745498581674, "x[*,9]": 0.14606311452227677, "x[*,10]": 0.17603686228770976, "x[*,11]": 0.20523365849660555, "x[*,12]": 0.2321307146218306, "x[*,13]": 0.2557098790235193, "x[*,14]": 0.27552751464468084, "x[*,15]": 0.29161928057863873, "x[*,16]": 0.3043325285716341, "x[*,17]": 0.31416468699246825, "x[*,18]": 0.321645221692689, "x[*,19]": 0.3272659890381037, "x[*,20]": 0.3314492858114232, "x[*,21]": 0.3345398765084307, "x[*,22]": 0.34997259539048325, "x[*,23]": 0.3627428512864246, "x[*,24]": 0.3795254305932154, "x[*,25]": 0.4012918310344564, "x[*,26]": 0.4287991202696594, "x[*,27]": 0.4624750080814299, "x[*,28]": 0.5021943876910617, "x[*,29]": 0.5471257983548499, "x[*,30]": 0.595746351448782, "x[*,31]": 0.6460611661081437, "x[*,32]": 0.6959586892854447, "x[*,33]": 0.7435646079932007, "x[*,34]": 0.7874768098920851, "x[*,35]": 0.8268427185779383, "x[*,36]": 0.86131127258189, "x[*,37]": 0.8909192098215742, "x[*,38]": 0.9159630409648257, "x[*,39]": 0.9368868842690731, "x[*,40]": 0.9541976462173756, "x[*,41]": 0.968407676668555, "x[*,42]": 0.98, "dummy_x[*,1]": 0.0, "dummy_x[*,2]": 0.0, "dummy_x[*,3]": 0.0, "dummy_x[*,4]": 0.0, "dummy_x[*,5]": 0.0, "dummy_x[*,6]": 0.0, "dummy_x[*,7]": 0.0, "dummy_x[*,8]": 0.0, "dummy_x[*,9]": 0.0, "dummy_x[*,10]": 0.0, "dummy_x[*,11]": 0.0, "dummy_x[*,12]": 0.0, "dummy_x[*,13]": 0.0, "dummy_x[*,14]": 0.0, "dummy_x[*,15]": 0.0, "dummy_x[*,16]": 0.0, "dummy_x[*,17]": 0.0, "dummy_x[*,18]": 0.0, "dummy_x[*,19]": 0.0, "dummy_x[*,20]": 0.0, "dummy_x[*,21]": 0.0, "dummy_x[*,22]": 0.0, "dummy_x[*,23]": 0.0, "dummy_x[*,24]": 0.0, "dummy_x[*,25]": 0.0, "dummy_x[*,26]": 0.0, "dummy_x[*,27]": 0.0, "dummy_x[*,28]": 0.0, "dummy_x[*,29]": 0.0, "dummy_x[*,30]": 0.0, "dummy_x[*,31]": 0.0, "dummy_x[*,32]": 0.0, "dummy_x[*,33]": 0.0, "dummy_x[*,34]": 0.0, "dummy_x[*,35]": 0.0, "dummy_x[*,36]": 0.0, "dummy_x[*,37]": 0.0, "dummy_x[*,38]": 0.0, "dummy_x[*,39]": 0.0, "dummy_x[*,40]": 0.0, "dummy_x[*,41]": 0.0, "dummy_x[*,42]": 0.0, "T[*,1]": 370.3688422397504, "T[*,2]": 369.8354635558348, "T[*,3]": 369.3057162421546, "T[*,4]": 368.62132966598097, "T[*,5]": 367.7564433133283, "T[*,6]": 366.6988855526859, "T[*,7]": 365.46039529341806, "T[*,8]": 364.0830112097669, "T[*,9]": 362.63606078255344, "T[*,10]": 361.20227509604973, "T[*,11]": 359.8584754415342, "T[*,12]": 358.6599052153662, "T[*,13]": 357.6341386758387, "T[*,14]": 356.784132994506, "T[*,15]": 356.09602341996447, "T[*,16]": 355.5472963681435, "T[*,17]": 355.1130006727468, "T[*,18]": 354.7695192090113, "T[*,19]": 354.49637105319636, "T[*,20]": 354.2767390374213, "T[*,21]": 354.0973044164894, "T[*,22]": 353.4927133988995, "T[*,23]": 352.9913818875739, "T[*,24]": 352.35908938738396, "T[*,25]": 351.5713626697664, "T[*,26]": 350.6158635127867, "T[*,27]": 349.4957099531536, "T[*,28]": 348.2343073911451, "T[*,29]": 346.8754078154153, "T[*,30]": 345.4767748555853, "T[*,31]": 344.09922370166515, "T[*,32]": 342.79548448733146, "T[*,33]": 341.6030402330159, "T[*,34]": 340.54234055358444, "T[*,35]": 339.61911304842846, "T[*,36]": 338.82851400555705, "T[*,37]": 338.1593207123771, "T[*,38]": 337.59727043972623, "T[*,39]": 337.12734608803316, "T[*,40]": 336.7351555792801, "T[*,41]": 336.40765264031023, "T[*,42]": 336.13342815414245, "Tdot[*,1]": 0.0, "Tdot[*,2]": 0.0, "Tdot[*,3]": 0.0, "Tdot[*,4]": 0.0, "Tdot[*,5]": 0.0, "Tdot[*,6]": 0.0, "Tdot[*,7]": 0.0, "Tdot[*,8]": 0.0, "Tdot[*,9]": 0.0, "Tdot[*,10]": 0.0, "Tdot[*,11]": 0.0, "Tdot[*,12]": 0.0, "Tdot[*,13]": 0.0, "Tdot[*,14]": 0.0, "Tdot[*,15]": 0.0, "Tdot[*,16]": 0.0, "Tdot[*,17]": 0.0, "Tdot[*,18]": 0.0, "Tdot[*,19]": 0.0, "Tdot[*,20]": 0.0, "Tdot[*,21]": 0.0, "Tdot[*,22]": 0.0, "Tdot[*,23]": 0.0, "Tdot[*,24]": 0.0, "Tdot[*,25]": 0.0, "Tdot[*,26]": 0.0, "Tdot[*,27]": 0.0, "Tdot[*,28]": 0.0, "Tdot[*,29]": 0.0, "Tdot[*,30]": 0.0, "Tdot[*,31]": 0.0, "Tdot[*,32]": 0.0, "Tdot[*,33]": 0.0, "Tdot[*,34]": 0.0, "Tdot[*,35]": 0.0, "Tdot[*,36]": 0.0, "Tdot[*,37]": 0.0, "Tdot[*,38]": 0.0, "Tdot[*,39]": 0.0, "Tdot[*,40]": 0.0, "Tdot[*,41]": 0.0, "Tdot[*,42]": 0.0, "pm[*,1]": 324188.269056305, "pm[*,2]": 318674.8546240616, "pm[*,3]": 313274.85388693144, "pm[*,4]": 306409.2073265545, "pm[*,5]": 297908.8647217636, "pm[*,6]": 287777.4349743964, "pm[*,7]": 276272.2074246561, "pm[*,8]": 263921.11747822433, "pm[*,9]": 251436.54105066397, "pm[*,10]": 239546.79173453947, "pm[*,11]": 228825.5283860437, "pm[*,12]": 219598.16779455062, "pm[*,13]": 211945.86349618467, "pm[*,14]": 205772.01291996596, "pm[*,15]": 200883.05233030755, "pm[*,16]": 197053.22680697273, "pm[*,17]": 194064.84474233794, "pm[*,18]": 191727.85993895488, "pm[*,19]": 189885.9921901541, "pm[*,20]": 188415.57924310633, "pm[*,21]": 187221.25498879288, "pm[*,22]": 183242.8785760092, "pm[*,23]": 179997.04565711884, "pm[*,24]": 175971.03593609578, "pm[*,25]": 171059.49359312153, "pm[*,26]": 165254.2272217882, "pm[*,27]": 158656.65853767673, "pm[*,28]": 151489.1976451434, "pm[*,29]": 144069.46683529817, "pm[*,30]": 136749.45861178506, "pm[*,31]": 129843.66340749114, "pm[*,32]": 123576.71472811482, "pm[*,33]": 118066.56624136686, "pm[*,34]": 113338.17405654365, "pm[*,35]": 109351.7370277128, "pm[*,36]": 106031.31999236063, "pm[*,37]": 103286.75197927834, "pm[*,38]": 101027.54405254987, "pm[*,39]": 99170.37066743874, "pm[*,40]": 97642.25962208417, "pm[*,41]": 96381.27316566059, "pm[*,42]": 95335.89178524044, "pn[*,1]": 101294.32191724723, "pn[*,2]": 99279.61472589517, "pn[*,3]": 97311.15028611847, "pn[*,4]": 94815.4138005424, "pn[*,5]": 91736.57520312017, "pn[*,6]": 88083.53902273418, "pn[*,7]": 83957.86713308869, "pn[*,8]": 79556.95693455625, "pn[*,9]": 75139.5059759432, "pn[*,10]": 70963.04644684354, "pn[*,11]": 67223.90828837737, "pn[*,12]": 64027.2000930382, "pn[*,13]": 61391.85191106301, "pn[*,14]": 59276.43846358991, "pn[*,15]": 57608.327951569714, "pn[*,16]": 56306.05832727613, "pn[*,17]": 55292.68918654383, "pn[*,18]": 54501.93787611382, "pn[*,19]": 53879.79850993531, "pn[*,20]": 53383.81975620753, "pn[*,21]": 52981.42327643542, "pn[*,22]": 51643.998329727336, "pn[*,23]": 50556.29191487427, "pn[*,24]": 49211.55244704407, "pn[*,25]": 47577.80848289837, "pn[*,26]": 45656.674686437065, "pn[*,27]": 43486.834867310565, "pn[*,28]": 41146.533185478125, "pn[*,29]": 38743.38144111822, "pn[*,30]": 36393.014688076124, "pn[*,31]": 34195.319214113064, "pn[*,32]": 32218.357329792136, "pn[*,33]": 30494.54248276091, "pn[*,34]": 29026.555887038612, "pn[*,35]": 27797.34375162631, "pn[*,36]": 26779.60143541769, "pn[*,37]": 25942.684655616988,