{"M[*,1]": 105465.49722774039, "M[*,2]": 3376.587795892728, "M[*,3]": 3401.4065188961363, "M[*,4]": 3431.8114553950845, "M[*,5]": 3468.0488373950993, "M[*,6]": 3508.8400892194545, "M[*,7]": 3552.0110190280266, "M[*,8]": 3594.9319015286337, "M[*,9]": 3635.1363598645685, "M[*,10]": 3670.828466636991, "M[*,11]": 3701.0886012537203, "M[*,12]": 3725.787997068779, "M[*,13]": 3745.3469068137556, "M[*,14]": 3760.4740131727117, "M[*,15]": 3771.964287176547, "M[*,16]": 3780.573973788407, "M[*,17]": 3786.9597008584606, "M[*,18]": 3791.6599397779382, "M[*,19]": 3795.0998329882696, "M[*,20]": 3797.6064312248604, "M[*,21]": 3799.4267973460887, "M[*,22]": 2928.638731044475, "M[*,23]": 2949.320185698069, "M[*,24]": 2976.189021083513, "M[*,25]": 3011.5128446041217, "M[*,26]": 3057.0332951170553, "M[*,27]": 3114.2341673796723, "M[*,28]": 3183.9798049260635, "M[*,29]": 3266.137900601188, "M[*,30]": 3359.3370351597755, "M[*,31]": 3460.988744485576, "M[*,32]": 3567.6057944648533, "M[*,33]": 3675.320289699715, "M[*,34]": 3780.4334001292905, "M[*,35]": 3879.8476078220806, "M[*,36]": 3971.307578604144, "M[*,37]": 4053.452232514763, "M[*,38]": 4125.7270730088885, "M[*,39]": 4188.219348970527, "M[*,40]": 4241.470191223959, "M[*,41]": 4286.3002570387025, "M[*,42]": 4669.696882858434, "x[*,1]": 0.02, "x[*,2]": 0.04148045567226236, "x[*,3]": 0.06108869525494856, "x[*,4]": 0.08509708846411365, "x[*,5]": 0.1129646183749904, "x[*,6]": 0.14343015404272608, "x[*,7]": 0.17470326819786217, "x[*,8]": 0.20487299369419923, "x[*,9]": 0.23234972611224877, "x[*,10]": 0.25614030936601667, "x[*,11]": 0.2758848072754505, "x[*,12]": 0.29172020337759147, "x[*,13]": 0.30408379142991787, "x[*,14]": 0.3135391316887415, "x[*,15]": 0.3206574240320348, "x[*,16]": 0.32595279519333176, "x[*,17]": 0.3298564557005344, "x[*,18]": 0.3327139518378148, "x[*,19]": 0.3347938001525131, "x[*,20]": 0.3363002715144812, "x[*,21]": 0.3373864615857019, "x[*,22]": 0.3551857180785161, "x[*,23]": 0.36848149299672567, "x[*,24]": 0.3858309644695729, "x[*,25]": 0.4082071033930773, "x[*,26]": 0.4363132605725495, "x[*,27]": 0.4704989898633079, "x[*,28]": 0.5105493213428071, "x[*,29]": 0.5555548092372541, "x[*,30]": 0.6039526333883733, "x[*,31]": 0.6537607356273173, "x[*,32]": 0.7029277325364933, "x[*,33]": 0.7496655260688567, "x[*,34]": 0.7926596407232867, "x[*,35]": 0.8311291542372371, "x[*,36]": 0.8647716498404627, "x[*,37]": 0.8936504147843106, "x[*,38]": 0.9180712577393114, "x[*,39]": 0.938476021665301, "x[*,40]": 0.9553626554745441, "x[*,41]": 0.969231452429509, "x[*,42]": 0.9805526167413011, "dummy_x[*,1]": 0.0, "dummy_x[*,2]": 0.0, "dummy_x[*,3]": 0.0, "dummy_x[*,4]": 0.0, "dummy_x[*,5]": 0.0, "dummy_x[*,6]": 0.0, "dummy_x[*,7]": 0.0, "dummy_x[*,8]": 0.0, "dummy_x[*,9]": 0.0, "dummy_x[*,10]": 0.0, "dummy_x[*,11]": 0.0, "dummy_x[*,12]": 0.0, "dummy_x[*,13]": 0.0, "dummy_x[*,14]": 0.0, "dummy_x[*,15]": 0.0, "dummy_x[*,16]": 0.0, "dummy_x[*,17]": 0.0, "dummy_x[*,18]": 0.0, "dummy_x[*,19]": 0.0, "dummy_x[*,20]": 0.0, "dummy_x[*,21]": 0.0, "dummy_x[*,22]": 0.0, "dummy_x[*,23]": 0.0, "dummy_x[*,24]": 0.0, "dummy_x[*,25]": 0.0, "dummy_x[*,26]": 0.0, "dummy_x[*,27]": 0.0, "dummy_x[*,28]": 0.0, "dummy_x[*,29]": 0.0, "dummy_x[*,30]": 0.0, "dummy_x[*,31]": 0.0, "dummy_x[*,32]": 0.0, "dummy_x[*,33]": 0.0, "dummy_x[*,34]": 0.0, "dummy_x[*,35]": 0.0, "dummy_x[*,36]": 0.0, "dummy_x[*,37]": 0.0, "dummy_x[*,38]": 0.0, "dummy_x[*,39]": 0.0, "dummy_x[*,40]": 0.0, "dummy_x[*,41]": 0.0, "dummy_x[*,42]": 0.0, "T[*,1]": 369.6342822620099, "T[*,2]": 368.37434201121346, "T[*,3]": 367.2536375750854, "T[*,4]": 365.93930525777284, "T[*,5]": 364.4805573747308, "T[*,6]": 362.95676678922666, "T[*,7]": 361.45995618428793, "T[*,8]": 360.072307357578, "T[*,9]": 358.84948711535185, "T[*,10]": 357.81579715980007, "T[*,11]": 356.9693555230741, "T[*,12]": 356.2916176015196, "T[*,13]": 355.7564151513176, "T[*,14]": 355.3363409518474, "T[*,15]": 355.0063368581457, "T[*,16]": 354.7452087106047, "T[*,17]": 354.5358908395747, "T[*,18]": 354.3650834655535, "T[*,19]": 354.22265059004076, "T[*,20]": 354.10098657644505, "T[*,21]": 353.9944466651491, "T[*,22]": 353.30815138394206, "T[*,23]": 352.7914084278028, "T[*,24]": 352.14381521638825, "T[*,25]": 351.3413426483659, "T[*,26]": 350.3738330928087, "T[*,27]": 349.2469647853519, "T[*,28]": 347.9863825906174, "T[*,29]": 346.63694141832167, "T[*,30]": 345.25587206885143, "T[*,31]": 343.9019755609974, "T[*,32]": 342.6252028088325, "T[*,33]": 341.46033179368, "T[*,34]": 340.42574375086065, "T[*,35]": 339.5259076542149, "T[*,36]": 338.7554294367968, "T[*,37]": 338.10303463221953, "T[*,38]": 337.5547022621357, "T[*,39]": 337.09579594327505, "T[*,40]": 336.71234390597573, "T[*,41]": 336.3917037736371, "T[*,42]": 336.1228269756391, "Tdot[*,1]": 0.0, "Tdot[*,2]": 0.0, "Tdot[*,3]": 0.0, "Tdot[*,4]": 0.0, "Tdot[*,5]": 0.0, "Tdot[*,6]": 0.0, "Tdot[*,7]": 0.0, "Tdot[*,8]": 0.0, "Tdot[*,9]": 0.0, "Tdot[*,10]": 0.0, "Tdot[*,11]": 0.0, "Tdot[*,12]": 0.0, "Tdot[*,13]": 0.0, "Tdot[*,14]": 0.0, "Tdot[*,15]": 0.0, "Tdot[*,16]": 0.0, "Tdot[*,17]": 0.0, "Tdot[*,18]": 0.0, "Tdot[*,19]": 0.0, "Tdot[*,20]": 0.0, "Tdot[*,21]": 0.0, "Tdot[*,22]": 0.0, "Tdot[*,23]": 0.0, "Tdot[*,24]": 0.0, "Tdot[*,25]": 0.0, "Tdot[*,26]": 0.0, "Tdot[*,27]": 0.0, "Tdot[*,28]": 0.0, "Tdot[*,29]": 0.0, "Tdot[*,30]": 0.0, "Tdot[*,31]": 0.0, "Tdot[*,32]": 0.0, "Tdot[*,33]": 0.0, "Tdot[*,34]": 0.0, "Tdot[*,35]": 0.0, "Tdot[*,36]": 0.0, "Tdot[*,37]": 0.0, "Tdot[*,38]": 0.0, "Tdot[*,39]": 0.0, "Tdot[*,40]": 0.0, "Tdot[*,41]": 0.0, "Tdot[*,42]": 0.0, "pm[*,1]": 316615.2420027159, "pm[*,2]": 303961.8167034557, "pm[*,3]": 293056.2808728207, "pm[*,4]": 280675.71220997244, "pm[*,5]": 267438.61196605186, "pm[*,6]": 254161.06076239416, "pm[*,7]": 241648.95567121656, "pm[*,8]": 230504.70138468238, "pm[*,9]": 221036.9971180566, "pm[*,10]": 213284.84513916736, "pm[*,11]": 207104.5804473859, "pm[*,12]": 202262.90903572013, "pm[*,13]": 198505.61678773706, "pm[*,14]": 195596.9517022316, "pm[*,15]": 193336.62751500175, "pm[*,16]": 191563.33765579987, "pm[*,17]": 190151.5732941933, "pm[*,18]": 189005.90433131065, "pm[*,19]": 188054.905578533, "pm[*,20]": 187245.70077750128, "pm[*,21]": 186539.44590145076, "pm[*,22]": 182042.38289475377, "pm[*,23]": 178715.62538950812, "pm[*,24]": 174617.38060634636, "pm[*,25]": 169646.82969212945, "pm[*,26]": 163809.85104351284, "pm[*,27]": 157221.5139742787, "pm[*,28]": 150112.43781384817, "pm[*,29]": 142798.97805714523, "pm[*,30]": 135622.0116241669, "pm[*,31]": 128878.93993503644, "pm[*,32]": 122777.04757489871, "pm[*,33]": 117421.02202221873, "pm[*,34]": 112828.15071621674, "pm[*,35]": 108955.84640316962, "pm[*,36]": 105728.65741608026, "pm[*,37]": 103058.62745286811, "pm[*,38]": 100858.12766027702, "pm[*,39]": 99046.70805484976, "pm[*,40]": 97553.98462238682, "pm[*,41]": 96320.21338172811, "pm[*,42]": 95295.6691602102, "pn[*,1]": 98528.25815742962, "pn[*,2]": 93927.68866211904, "pn[*,3]": 89984.61701145784, "pn[*,4]": 85534.0092392638, "pn[*,5]": 80807.26061817877, "pn[*,6]": 76100.78758999256, "pn[*,7]": 71699.22696582871, "pn[*,8]": 67807.79842610077, "pn[*,9]": 64524.32304634129, "pn[*,10]": 61851.924982999975, "pn[*,11]": 59732.19892634288, "pn[*,12]": 58078.49276023665, "pn[*,13]": 56799.45220455365, "pn[*,14]": 55811.92369576653, "pn[*,15]": 55046.12307967861, "pn[*,16]": 54446.32716050532, "pn[*,17]": 53969.44624021479, "pn[*,18]": 53582.865620711025, "pn[*,19]": 53262.256924490626, "pn[*,20]": 52989.65553121268, "pn[*,21]": 52751.88986449152, "pn[*,22]": 51241.33636175567, "pn[*,23]": 50127.746350379515, "pn[*,24]": 48760.529911181504, "pn[*,25]": 47109.316808976066, "pn[*,26]": 45180.39541460434, "pn[*,27]": 43016.79516048868, "pn[*,28]": 40699.08903523536, "pn[*,29]": 38333.952847928886, "pn[*,30]": 36032.88428919165, "pn[*,31]": 33889.88664373883, "pn[*,32]": 31967.333813203742, "pn[*,33]": 30293.50147058242, "pn[*,34]": 28868.8541424895, "pn[*,35]": 27675.703929955023, "pn[*,36]": 26687.114696153625, "pn[*,37]": 25873.301001240987,