{"M[*,1]": 104657.58629779375, "M[*,2]": 3358.2806840232233, "M[*,3]": 3366.4915974068567, "M[*,4]": 3377.625707561069, "M[*,5]": 3392.754998109587, "M[*,6]": 3412.7905005976772, "M[*,7]": 3438.4497566016557, "M[*,8]": 3469.965378851636, "M[*,9]": 3506.7936188657345, "M[*,10]": 3547.4811939458914, "M[*,11]": 3589.831876615023, "M[*,12]": 3631.3649845141713, "M[*,13]": 3669.8723767934443, "M[*,14]": 3703.8260948073066, "M[*,15]": 3732.507258219529, "M[*,16]": 3755.894023693516, "M[*,17]": 3774.433328134478, "M[*,18]": 3788.809886328257, "M[*,19]": 3799.7716651305586, "M[*,20]": 3808.023477869925, "M[*,21]": 3814.1758333975968, "M[*,22]": 2956.51203126228, "M[*,23]": 2981.4451054784904, "M[*,24]": 3013.738051372325, "M[*,25]": 3055.7506507618737, "M[*,26]": 3109.137224642782, "M[*,27]": 3175.045201668745, "M[*,28]": 3253.720560451167, "M[*,29]": 3344.1924326583267, "M[*,30]": 3444.1964514319952, "M[*,31]": 3550.4114740059126, "M[*,32]": 3658.9485413361467, "M[*,33]": 3765.928517838717, "M[*,34]": 3867.977016139914, "M[*,35]": 3962.533501164664, "M[*,36]": 4047.9567593750057, "M[*,37]": 4123.468215626676, "M[*,38]": 4188.997513700272, "M[*,39]": 4244.9907151342095, "M[*,40]": 4292.224398605098, "M[*,41]": 4331.649741926101, "M[*,42]": 4711.028387132832, "x[*,1]": 0.005736908054839408, "x[*,2]": 0.012338385405436856, "x[*,3]": 0.019069521381361268, "x[*,4]": 0.028312765772751627, "x[*,5]": 0.040727700719750945, "x[*,6]": 0.05692097937627377, "x[*,7]": 0.07726691970763552, "x[*,8]": 0.10168714525742184, "x[*,9]": 0.1294787957609535, "x[*,10]": 0.15931153942416826, "x[*,11]": 0.18945709806306238, "x[*,12]": 0.2181792703468967, "x[*,13]": 0.24410671742512813, "x[*,14]": 0.2664343416806525, "x[*,15]": 0.2849197472958883, "x[*,16]": 0.29974533596308517, "x[*,17]": 0.3113420548246326, "x[*,18]": 0.32023957243652623, "x[*,19]": 0.326966132270084, "x[*,20]": 0.331994633494652, "x[*,21]": 0.33572156933253716, "x[*,22]": 0.35562604282031596, "x[*,23]": 0.3716211597311842, "x[*,24]": 0.3923026581080817, "x[*,25]": 0.41859032088954007, "x[*,26]": 0.45099898063910754, "x[*,27]": 0.4895310034236576, "x[*,28]": 0.5335014488026, "x[*,29]": 0.5815133351597884, "x[*,30]": 0.6316386524038035, "x[*,31]": 0.6817571851220121, "x[*,32]": 0.7299226375379163, "x[*,33]": 0.7746275136819029, "x[*,34]": 0.8149109283996749, "x[*,35]": 0.8503307306984283, "x[*,36]": 0.8808578628039471, "x[*,37]": 0.9067478341119843, "x[*,38]": 0.9284238550085651, "x[*,39]": 0.9463862657883433, "x[*,40]": 0.9611500387479829, "x[*,41]": 0.9732060407477185, "x[*,42]": 0.9829999978872019, "dummy_x[*,1]": 0.0, "dummy_x[*,2]": 0.0, "dummy_x[*,3]": 0.0, "dummy_x[*,4]": 0.0, "dummy_x[*,5]": 0.0, "dummy_x[*,6]": 0.0, "dummy_x[*,7]": 0.0, "dummy_x[*,8]": 0.0, "dummy_x[*,9]": 0.0, "dummy_x[*,10]": 0.0, "dummy_x[*,11]": 0.0, "dummy_x[*,12]": 0.0, "dummy_x[*,13]": 0.0, "dummy_x[*,14]": 0.0, "dummy_x[*,15]": 0.0, "dummy_x[*,16]": 0.0, "dummy_x[*,17]": 0.0, "dummy_x[*,18]": 0.0, "dummy_x[*,19]": 0.0, "dummy_x[*,20]": 0.0, "dummy_x[*,21]": 0.0, "dummy_x[*,22]": 0.0, "dummy_x[*,23]": 0.0, "dummy_x[*,24]": 0.0, "dummy_x[*,25]": 0.0, "dummy_x[*,26]": 0.0, "dummy_x[*,27]": 0.0, "dummy_x[*,28]": 0.0, "dummy_x[*,29]": 0.0, "dummy_x[*,30]": 0.0, "dummy_x[*,31]": 0.0, "dummy_x[*,32]": 0.0, "dummy_x[*,33]": 0.0, "dummy_x[*,34]": 0.0, "dummy_x[*,35]": 0.0, "dummy_x[*,36]": 0.0, "dummy_x[*,37]": 0.0, "dummy_x[*,38]": 0.0, "dummy_x[*,39]": 0.0, "dummy_x[*,40]": 0.0, "dummy_x[*,41]": 0.0, "dummy_x[*,42]": 0.0, "T[*,1]": 370.45114639718366, "T[*,2]": 370.00576408070646, "T[*,3]": 369.5569658970864, "T[*,4]": 368.9716027706555, "T[*,5]": 368.219708438867, "T[*,6]": 367.2789428972523, "T[*,7]": 366.144740644056, "T[*,8]": 364.8400111080313, "T[*,9]": 363.4186517930889, "T[*,10]": 361.95814159474804, "T[*,11]": 360.54230673673845, "T[*,12]": 359.2419845466585, "T[*,13]": 358.10243071941295, "T[*,14]": 357.1410866479823, "T[*,15]": 356.3531887647595, "T[*,16]": 355.72030151201085, "T[*,17]": 355.21801786024724, "T[*,18]": 354.8212792327456, "T[*,19]": 354.50732717916253, "T[*,20]": 354.256928346527, "T[*,21]": 354.05456159661594, "T[*,22]": 353.2926159067619, "T[*,23]": 352.6825832128296, "T[*,24]": 351.92453313465023, "T[*,25]": 350.9994216260155, "T[*,26]": 349.9067238473229, "T[*,27]": 348.66570430800243, "T[*,28]": 347.31659182160024, "T[*,29]": 345.91545606825656, "T[*,30]": 344.5237907984407, "T[*,31]": 343.1969478485315, "T[*,32]": 341.9759244981184, "T[*,33]": 340.88454075150514, "T[*,34]": 339.93113484249346, "T[*,35]": 339.11255068091936, "T[*,36]": 338.4184489300933, "T[*,37]": 337.83486715735796, "T[*,38]": 337.34672017914835, "T[*,39]": 336.93934524463805, "T[*,40]": 336.5993350824539, "T[*,41]": 336.31489818554695, "T[*,42]": 336.0759324470227, "Tdot[*,1]": 0.0, "Tdot[*,2]": 0.0, "Tdot[*,3]": 0.0, "Tdot[*,4]": 0.0, "Tdot[*,5]": 0.0, "Tdot[*,6]": 0.0, "Tdot[*,7]": 0.0, "Tdot[*,8]": 0.0, "Tdot[*,9]": 0.0, "Tdot[*,10]": 0.0, "Tdot[*,11]": 0.0, "Tdot[*,12]": 0.0, "Tdot[*,13]": 0.0, "Tdot[*,14]": 0.0, "Tdot[*,15]": 0.0, "Tdot[*,16]": 0.0, "Tdot[*,17]": 0.0, "Tdot[*,18]": 0.0, "Tdot[*,19]": 0.0, "Tdot[*,20]": 0.0, "Tdot[*,21]": 0.0, "Tdot[*,22]": 0.0, "Tdot[*,23]": 0.0, "Tdot[*,24]": 0.0, "Tdot[*,25]": 0.0, "Tdot[*,26]": 0.0, "Tdot[*,27]": 0.0, "Tdot[*,28]": 0.0, "Tdot[*,29]": 0.0, "Tdot[*,30]": 0.0, "Tdot[*,31]": 0.0, "Tdot[*,32]": 0.0, "Tdot[*,33]": 0.0, "Tdot[*,34]": 0.0, "Tdot[*,35]": 0.0, "Tdot[*,36]": 0.0, "Tdot[*,37]": 0.0, "Tdot[*,38]": 0.0, "Tdot[*,39]": 0.0, "Tdot[*,40]": 0.0, "Tdot[*,41]": 0.0, "Tdot[*,42]": 0.0, "pm[*,1]": 325045.90676286357, "pm[*,2]": 320426.8438270676, "pm[*,3]": 315826.60020888026, "pm[*,4]": 309907.5864692717, "pm[*,5]": 302437.6930681929, "pm[*,6]": 293298.9506501457, "pm[*,7]": 282582.15335888637, "pm[*,8]": 270651.98447871034, "pm[*,9]": 258127.38232452187, "pm[*,10]": 245756.03150658074, "pm[*,11]": 234231.04267718014, "pm[*,12]": 224040.45801522583, "pm[*,13]": 215411.7139387097, "pm[*,14]": 208346.4150400162, "pm[*,15]": 202698.88421138958, "pm[*,16]": 198254.17000403118, "pm[*,17]": 194784.02417568874, "pm[*,18]": 192078.53551373174, "pm[*,19]": 189959.58899405916, "pm[*,20]": 188283.4111424319, "pm[*,21]": 186937.6785407859, "pm[*,22]": 181941.62782326885, "pm[*,23]": 178021.4446041092, "pm[*,24]": 173247.36398431798, "pm[*,25]": 167564.72857078793, "pm[*,26]": 161051.72728856522, "pm[*,27]": 153909.68860850253, "pm[*,28]": 146444.64970246315, "pm[*,29]": 139011.43241696933, "pm[*,30]": 131940.5099675635, "pm[*,31]": 125479.16522374851, "pm[*,32]": 119767.24108054735, "pm[*,33]": 114846.11908063052, "pm[*,34]": 110685.76815291795, "pm[*,35]": 107214.44524557184, "pm[*,36]": 104342.41445757184, "pm[*,37]": 101977.51005803567, "pm[*,38]": 100033.78113953967, "pm[*,39]": 98435.38667594097, "pm[*,40]": 97117.65114718524, "pm[*,41]": 96026.61662403306, "pm[*,42]": 95117.91320030962, "pn[*,1]": 101608.1581804021, "pn[*,2]": 99919.29285125136, "pn[*,3]": 98240.74182119417, "pn[*,4]": 96086.12298724646, "pn[*,5]": 93375.37237086253, "pn[*,6]": 90072.13035317016, "pn[*,7]": 86217.5087733944, "pn[*,8]": 81951.59620775997, "pn[*,9]": 77502.96840002859, "pn[*,10]": 73140.32626996652, "pn[*,11]": 69105.862557358, "pn[*,12]": 65563.64444928098, "pn[*,13]": 62583.64071493796, "pn[*,14]": 60157.34183684781, "pn[*,15]": 58227.14999593353, "pn[*,16]": 56713.991702832114, "pn[*,17]": 55536.3398245422, "pn[*,18]": 54620.4962915136, "pn[*,19]": 53904.63933318203, "pn[*,20]": 53339.268980798224, "pn[*,21]": 52885.93994781163, "pn[*,22]": 51207.56123873427, "pn[*,23]": 49895.79898296291, "pn[*,24]": 48304.635507118204, "pn[*,25]": 46419.9814132397, "pn[*,26]": 44272.84158959243, "pn[*,27]": 41934.84000483402, "pn[*,28]": 39510.44899718733, "pn[*,29]": 37117.06875008673, "pn[*,30]": 34860.53618387346, "pn[*,31]": 32816.69542044922, "pn[*,32]": 31025.108596518377, "pn[*,33]": 29493.55721786564, "pn[*,34]": 28207.81296665863, "pn[*,35]": 27141.59327337341, "pn[*,36]": 26264.12346414796,