{"M[*,1]": 104379.88592802975, "M[*,2]": 3371.0702313618667, "M[*,3]": 3372.354032828391, "M[*,4]": 3374.186257821532, "M[*,5]": 3376.8486538770267, "M[*,6]": 3380.700496095725, "M[*,7]": 3386.2372159521433, "M[*,8]": 3394.121382374196, "M[*,9]": 3405.19888657984, "M[*,10]": 3420.474523310324, "M[*,11]": 3441.008605852354, "M[*,12]": 3467.6967096720814, "M[*,13]": 3500.9321153592296, "M[*,14]": 3540.2401999499316, "M[*,15]": 3584.0762198156594, "M[*,16]": 3629.9806554451366, "M[*,17]": 3675.1098741589526, "M[*,18]": 3716.9120519283188, "M[*,19]": 3753.629952588501, "M[*,20]": 3784.4587762480496, "M[*,21]": 3809.4060283221097, "M[*,22]": 2948.8054239788394, "M[*,23]": 2967.88456357853, "M[*,24]": 2994.2094644037825, "M[*,25]": 3029.500381713104, "M[*,26]": 3075.8111903018953, "M[*,27]": 3134.9761469984296, "M[*,28]": 3208.1450577724254, "M[*,29]": 3295.2908337366384, "M[*,30]": 3394.8803133846527, "M[*,31]": 3503.893982922104, "M[*,32]": 3618.239449685686, "M[*,33]": 3733.4178269889676, "M[*,34]": 3845.2078742897825, "M[*,35]": 3950.1746826638782, "M[*,36]": 4045.922832185105, "M[*,37]": 4131.1154461748565, "M[*,38]": 4205.333374764592, "M[*,39]": 4268.856980927751, "M[*,40]": 4322.435755269991, "M[*,41]": 4367.085768123922, "M[*,42]": 4749.861864839721, "x[*,1]": 0.0008209862636208517, "x[*,2]": 0.0018058117807185313, "x[*,3]": 0.002869551476716989, "x[*,4]": 0.004418353564465526, "x[*,5]": 0.00666503828876032, "x[*,6]": 0.009906363484841975, "x[*,7]": 0.014545949042099141, "x[*,8]": 0.021112576078542385, "x[*,9]": 0.03026047171358315, "x[*,10]": 0.042728910959631376, "x[*,11]": 0.0592323713587875, "x[*,12]": 0.08026279905553622, "x[*,13]": 0.1058291166610846, "x[*,14]": 0.13523336685037363, "x[*,15]": 0.16703459055626194, "x[*,16]": 0.199296501780854, "x[*,17]": 0.23004610711059867, "x[*,18]": 0.25772439919074874, "x[*,19]": 0.28143048824101213, "x[*,20]": 0.3009144174015066, "x[*,21]": 0.31640841861025804, "x[*,22]": 0.3227350803522289, "x[*,23]": 0.33562928644907747, "x[*,24]": 0.3530270315093112, "x[*,25]": 0.37590343482676597, "x[*,26]": 0.4051544385584889, "x[*,27]": 0.4412910496858184, "x[*,28]": 0.48415460581044323, "x[*,29]": 0.5327279607761982, "x[*,30]": 0.5851727168440884, "x[*,31]": 0.6391311933685149, "x[*,32]": 0.6921838833875649, "x[*,33]": 0.7422721707735734, "x[*,34]": 0.7879452345054764, "x[*,35]": 0.828406229016965, "x[*,36]": 0.8634182575692091, "x[*,37]": 0.8931507701685475, "x[*,38]": 0.918025667895077, "x[*,39]": 0.9385924198198473, "x[*,40]": 0.9554396058455328, "x[*,41]": 0.9691389923171078, "x[*,42]": 0.9802143795875551, "dummy_x[*,1]": 0.0, "dummy_x[*,2]": 0.0, "dummy_x[*,3]": 0.0, "dummy_x[*,4]": 0.0, "dummy_x[*,5]": 0.0, "dummy_x[*,6]": 0.0, "dummy_x[*,7]": 0.0, "dummy_x[*,8]": 0.0, "dummy_x[*,9]": 0.0, "dummy_x[*,10]": 0.0, "dummy_x[*,11]": 0.0, "dummy_x[*,12]": 0.0, "dummy_x[*,13]": 0.0, "dummy_x[*,14]": 0.0, "dummy_x[*,15]": 0.0, "dummy_x[*,16]": 0.0, "dummy_x[*,17]": 0.0, "dummy_x[*,18]": 0.0, "dummy_x[*,19]": 0.0, "dummy_x[*,20]": 0.0, "dummy_x[*,21]": 0.0, "dummy_x[*,22]": 0.0, "dummy_x[*,23]": 0.0, "dummy_x[*,24]": 0.0, "dummy_x[*,25]": 0.0, "dummy_x[*,26]": 0.0, "dummy_x[*,27]": 0.0, "dummy_x[*,28]": 0.0, "dummy_x[*,29]": 0.0, "dummy_x[*,30]": 0.0, "dummy_x[*,31]": 0.0, "dummy_x[*,32]": 0.0, "dummy_x[*,33]": 0.0, "dummy_x[*,34]": 0.0, "dummy_x[*,35]": 0.0, "dummy_x[*,36]": 0.0, "dummy_x[*,37]": 0.0, "dummy_x[*,38]": 0.0, "dummy_x[*,39]": 0.0, "dummy_x[*,40]": 0.0, "dummy_x[*,41]": 0.0, "dummy_x[*,42]": 0.0, "T[*,1]": 370.73717487626317, "T[*,2]": 370.61480144990514, "T[*,3]": 370.4877894794328, "T[*,4]": 370.33256226760625, "T[*,5]": 370.13701152147075, "T[*,6]": 369.88449021950197, "T[*,7]": 369.5528341342064, "T[*,8]": 369.1139406109787, "T[*,9]": 368.53480202325704, "T[*,10]": 367.78129675158834, "T[*,11]": 366.8259558411309, "T[*,12]": 365.6595167924122, "T[*,13]": 364.3028839946138, "T[*,14]": 362.81268356644506, "T[*,15]": 361.27399678784786, "T[*,16]": 359.78067374964604, "T[*,17]": 358.41235011174564, "T[*,18]": 357.21932534212, "T[*,19]": 356.22000731849573, "T[*,20]": 355.4077653235931, "T[*,21]": 354.7610531484137, "T[*,22]": 354.4764428568186, "T[*,23]": 353.9552714728601, "T[*,24]": 353.28172947802784, "T[*,25]": 352.432061284368, "T[*,26]": 351.3912352157535, "T[*,27]": 350.16323967927383, "T[*,28]": 348.77733383762165, "T[*,29]": 347.2876327601507, "T[*,30]": 345.76411122685005, "T[*,31]": 344.27802229821805, "T[*,32]": 342.88818380449794, "T[*,33]": 341.6333735819972, "T[*,34]": 340.53178062085897, "T[*,35]": 339.5850758934384, "T[*,36]": 338.78398832210866, "T[*,37]": 338.11332208747433, "T[*,38]": 337.5556220206856, "T[*,39]": 337.09348659877935, "T[*,40]": 336.7108379086156, "T[*,41]": 336.3934933494505, "T[*,42]": 336.12931503749763, "Tdot[*,1]": 0.0, "Tdot[*,2]": 0.0, "Tdot[*,3]": 0.0, "Tdot[*,4]": 0.0, "Tdot[*,5]": 0.0, "Tdot[*,6]": 0.0, "Tdot[*,7]": 0.0, "Tdot[*,8]": 0.0, "Tdot[*,9]": 0.0, "Tdot[*,10]": 0.0, "Tdot[*,11]": 0.0, "Tdot[*,12]": 0.0, "Tdot[*,13]": 0.0, "Tdot[*,14]": 0.0, "Tdot[*,15]": 0.0, "Tdot[*,16]": 0.0, "Tdot[*,17]": 0.0, "Tdot[*,18]": 0.0, "Tdot[*,19]": 0.0, "Tdot[*,20]": 0.0, "Tdot[*,21]": 0.0, "Tdot[*,22]": 0.0, "Tdot[*,23]": 0.0, "Tdot[*,24]": 0.0, "Tdot[*,25]": 0.0, "Tdot[*,26]": 0.0, "Tdot[*,27]": 0.0, "Tdot[*,28]": 0.0, "Tdot[*,29]": 0.0, "Tdot[*,30]": 0.0, "Tdot[*,31]": 0.0, "Tdot[*,32]": 0.0, "Tdot[*,33]": 0.0, "Tdot[*,34]": 0.0, "Tdot[*,35]": 0.0, "Tdot[*,36]": 0.0, "Tdot[*,37]": 0.0, "Tdot[*,38]": 0.0, "Tdot[*,39]": 0.0, "Tdot[*,40]": 0.0, "Tdot[*,41]": 0.0, "Tdot[*,42]": 0.0, "pm[*,1]": 328040.806864575, "pm[*,2]": 326756.74044517986, "pm[*,3]": 325428.33446358505, "pm[*,4]": 323810.8051041048, "pm[*,5]": 321782.417737639, "pm[*,6]": 319178.42074927327, "pm[*,7]": 315784.5005449892, "pm[*,8]": 311338.4709312577, "pm[*,9]": 305549.98614551674, "pm[*,10]": 298150.4157709683, "pm[*,11]": 288979.68495208526, "pm[*,12]": 278096.1898568717, "pm[*,13]": 265861.8462345999, "pm[*,14]": 252934.04401098596, "pm[*,15]": 240130.38638576143, "pm[*,16]": 228217.06531253128, "pm[*,17]": 217730.93805488595, "pm[*,18]": 208914.2062295253, "pm[*,19]": 201756.81888711685, "pm[*,20]": 196089.01595716726, "pm[*,21]": 191670.55233470767, "pm[*,22]": 189752.18649121383, "pm[*,23]": 186280.30527339378, "pm[*,24]": 181871.0514637061, "pm[*,25]": 176431.84598971868, "pm[*,26]": 169952.4235302457, "pm[*,27]": 162561.5787126065, "pm[*,28]": 154541.20124172245, "pm[*,29]": 146287.7570446558, "pm[*,30]": 138227.5776857209, "pm[*,31]": 130723.31813776553, "pm[*,32]": 124013.8577946771, "pm[*,33]": 118204.15883114022, "pm[*,34]": 113291.90352414509, "pm[*,35]": 109207.02552355806, "pm[*,36]": 105846.8416466989, "pm[*,37]": 103100.29061516459, "pm[*,38]": 100861.78568992994, "pm[*,39]": 99037.66149340809, "pm[*,40]": 97548.15916102518, "pm[*,41]": 96327.06311585655, "pm[*,42]": 95320.28426045056, "pn[*,1]": 102705.00239983248, "pn[*,2]": 102234.55519283866, "pn[*,3]": 101748.13816239157, "pn[*,4]": 101156.2333793755, "pn[*,5]": 100414.574851262, "pn[*,6]": 99463.42337291873, "pn[*,7]": 98225.39635683433, "pn[*,8]": 96606.45395509183, "pn[*,9]": 94503.63795017995, "pn[*,10]": 91823.89235223037, "pn[*,11]": 88516.06438249483, "pn[*,12]": 84610.27923573839, "pn[*,13]": 80246.4909069403, "pn[*,14]": 75667.67163412487, "pn[*,15]": 71167.32406634379, "pn[*,16]": 67012.49258415784, "pn[*,17]": 63382.8151966297, "pn[*,18]": 60351.85808107333, "pn[*,19]": 57905.99138111119, "pn[*,20]": 55978.822877384606, "pn[*,21]": 54482.56628015185, "pn[*,22]": 53834.63957458346, "pn[*,23]": 52664.68456227744, "pn[*,24]": 51183.90442423446, "pn[*,25]": 49365.21813909683, "pn[*,26]": 47210.609077916204, "pn[*,27]": 44769.33880737793, "pn[*,28]": 42140.85436489019, "pn[*,29]": 39459.715016770875, "pn[*,30]": 36865.92816779985, "pn[*,31]": 34474.161936146884, "pn[*,32]": 32355.701278458746, "pn[*,33]": 30537.417917064795, "pn[*,34]": 29012.243585983302, "pn[*,35]": 27752.871077940566, "pn[*,36]": 26723.223406325633,