{"M[*,1]": 105465.3421055175, "M[*,2]": 3375.899612174638, "M[*,3]": 3400.6958797913044, "M[*,4]": 3431.065157189158, "M[*,5]": 3467.2518118495113, "M[*,6]": 3507.979168379955, "M[*,7]": 3551.078441345398, "M[*,8]": 3593.927374708413, "M[*,9]": 3634.0666498517185, "M[*,10]": 3669.7049668998266, "M[*,11]": 3699.9242873085773, "M[*,12]": 3724.595004211297, "M[*,13]": 3744.135213116755, "M[*,14]": 3759.251085016934, "M[*,15]": 3770.735307617203, "M[*,16]": 3779.3423108514826, "M[*,17]": 3785.7274015184516, "M[*,18]": 3790.4281504191194, "M[*,19]": 3793.8691188804123, "M[*,20]": 3796.377002236841, "M[*,21]": 3798.198659170351, "M[*,22]": 2925.869401893507, "M[*,23]": 2945.7151798028826, "M[*,24]": 2971.557723245607, "M[*,25]": 3005.6221456797693, "M[*,26]": 3049.664162374844, "M[*,27]": 3105.2276337514154, "M[*,28]": 3173.291222652288, "M[*,29]": 3253.8832194882348, "M[*,30]": 3345.8101294433945, "M[*,31]": 3446.6365270984124, "M[*,32]": 3552.9656077029276, "M[*,33]": 3660.940107153213, "M[*,34]": 3766.799360400757, "M[*,35]": 3867.3355803332693, "M[*,36]": 3960.1635183155418, "M[*,37]": 4043.796825540518, "M[*,38]": 4117.575949662711, "M[*,39]": 4181.510059242027, "M[*,40]": 4236.089285474916, "M[*,41]": 4282.106540547486, "M[*,42]": 4666.37616944646, "x[*,1]": 0.02, "x[*,2]": 0.04147160894729702, "x[*,3]": 0.06106400847264575, "x[*,4]": 0.08504711806774307, "x[*,5]": 0.11287991212125316, "x[*,6]": 0.14330364607427315, "x[*,7]": 0.17453232276663283, "x[*,8]": 0.20466000585128574, "x[*,9]": 0.23210103835364262, "x[*,10]": 0.2558641900195101, "x[*,11]": 0.2755895188286712, "x[*,12]": 0.29141277237036556, "x[*,13]": 0.303769540891268, "x[*,14]": 0.31322173736936065, "x[*,15]": 0.3203392184912605, "x[*,16]": 0.3256351276733153, "x[*,17]": 0.32954001079167955, "x[*,18]": 0.33239899477469015, "x[*,19]": 0.33448034987885983, "x[*,20]": 0.3359882152592814, "x[*,21]": 0.33707562670126995, "x[*,22]": 0.3540816389362801, "x[*,23]": 0.3668584878891348, "x[*,24]": 0.38357796596805044, "x[*,25]": 0.4052156314391095, "x[*,26]": 0.43250816481141563, "x[*,27]": 0.46586897573773506, "x[*,28]": 0.5051730388090537, "x[*,29]": 0.5496089233811385, "x[*,30]": 0.5976924824051226, "x[*,31]": 0.6474770492914013, "x[*,32]": 0.696895666916077, "x[*,33]": 0.7441046694164599, "x[*,34]": 0.7877150289558716, "x[*,35]": 0.8268721492702386, "x[*,36]": 0.8612132049973331, "x[*,37]": 0.890758786563516, "x[*,38]": 0.915788787452525, "x[*,39]": 0.9367324848402327, "x[*,40]": 0.9540846637616041, "x[*,41]": 0.9683483988165672, "x[*,42]": 0.98, "dummy_x[*,1]": 0.0, "dummy_x[*,2]": 0.0, "dummy_x[*,3]": 0.0, "dummy_x[*,4]": 0.0, "dummy_x[*,5]": 0.0, "dummy_x[*,6]": 0.0, "dummy_x[*,7]": 0.0, "dummy_x[*,8]": 0.0, "dummy_x[*,9]": 0.0, "dummy_x[*,10]": 0.0, "dummy_x[*,11]": 0.0, "dummy_x[*,12]": 0.0, "dummy_x[*,13]": 0.0, "dummy_x[*,14]": 0.0, "dummy_x[*,15]": 0.0, "dummy_x[*,16]": 0.0, "dummy_x[*,17]": 0.0, "dummy_x[*,18]": 0.0, "dummy_x[*,19]": 0.0, "dummy_x[*,20]": 0.0, "dummy_x[*,21]": 0.0, "dummy_x[*,22]": 0.0, "dummy_x[*,23]": 0.0, "dummy_x[*,24]": 0.0, "dummy_x[*,25]": 0.0, "dummy_x[*,26]": 0.0, "dummy_x[*,27]": 0.0, "dummy_x[*,28]": 0.0, "dummy_x[*,29]": 0.0, "dummy_x[*,30]": 0.0, "dummy_x[*,31]": 0.0, "dummy_x[*,32]": 0.0, "dummy_x[*,33]": 0.0, "dummy_x[*,34]": 0.0, "dummy_x[*,35]": 0.0, "dummy_x[*,36]": 0.0, "dummy_x[*,37]": 0.0, "dummy_x[*,38]": 0.0, "dummy_x[*,39]": 0.0, "dummy_x[*,40]": 0.0, "dummy_x[*,41]": 0.0, "dummy_x[*,42]": 0.0, "T[*,1]": 369.63428270593664, "T[*,2]": 368.37482570152326, "T[*,3]": 367.25494605967987, "T[*,4]": 365.94185701620904, "T[*,5]": 364.48470412964406, "T[*,6]": 362.962687800126, "T[*,7]": 361.4676060652683, "T[*,8]": 360.08144565093335, "T[*,9]": 358.859765465974, "T[*,10]": 357.8268533873699, "T[*,11]": 356.98087787291627, "T[*,12]": 356.303371253973, "T[*,13]": 355.7682414255571, "T[*,14]": 355.34814325716417, "T[*,15]": 355.01806349677713, "T[*,16]": 354.7568376422054, "T[*,17]": 354.54741807532434, "T[*,18]": 354.3765150175637, "T[*,19]": 354.233997264255, "T[*,20]": 354.11226081088, "T[*,21]": 354.00566074156757, "T[*,22]": 353.34714189235757, "T[*,23]": 352.8478250415355, "T[*,24]": 352.2205488424438, "T[*,25]": 351.4406192447935, "T[*,26]": 350.4961359688992, "T[*,27]": 349.39022563810425, "T[*,28]": 348.14566267692817, "T[*,29]": 346.80493973873985, "T[*,30]": 345.4242225524502, "T[*,31]": 344.06284091798784, "T[*,32]": 342.7725256358896, "T[*,33]": 341.59037560412327, "T[*,34]": 340.53696971551415, "T[*,35]": 339.6184719283977, "T[*,36]": 338.8305883330629, "T[*,37]": 338.1626307456904, "T[*,38]": 337.60079215531334, "T[*,39]": 337.1304136232503, "T[*,40]": 336.7373689761796, "T[*,41]": 336.40880069977027, "T[*,42]": 336.1334283441843, "Tdot[*,1]": 0.0, "Tdot[*,2]": 0.0, "Tdot[*,3]": 0.0, "Tdot[*,4]": 0.0, "Tdot[*,5]": 0.0, "Tdot[*,6]": 0.0, "Tdot[*,7]": 0.0, "Tdot[*,8]": 0.0, "Tdot[*,9]": 0.0, "Tdot[*,10]": 0.0, "Tdot[*,11]": 0.0, "Tdot[*,12]": 0.0, "Tdot[*,13]": 0.0, "Tdot[*,14]": 0.0, "Tdot[*,15]": 0.0, "Tdot[*,16]": 0.0, "Tdot[*,17]": 0.0, "Tdot[*,18]": 0.0, "Tdot[*,19]": 0.0, "Tdot[*,20]": 0.0, "Tdot[*,21]": 0.0, "Tdot[*,22]": 0.0, "Tdot[*,23]": 0.0, "Tdot[*,24]": 0.0, "Tdot[*,25]": 0.0, "Tdot[*,26]": 0.0, "Tdot[*,27]": 0.0, "Tdot[*,28]": 0.0, "Tdot[*,29]": 0.0, "Tdot[*,30]": 0.0, "Tdot[*,31]": 0.0, "Tdot[*,32]": 0.0, "Tdot[*,33]": 0.0, "Tdot[*,34]": 0.0, "Tdot[*,35]": 0.0, "Tdot[*,36]": 0.0, "Tdot[*,37]": 0.0, "Tdot[*,38]": 0.0, "Tdot[*,39]": 0.0, "Tdot[*,40]": 0.0, "Tdot[*,41]": 0.0, "Tdot[*,42]": 0.0, "pm[*,1]": 316615.2465354574, "pm[*,2]": 303966.593938579, "pm[*,3]": 293068.8247928789, "pm[*,4]": 280699.327908406, "pm[*,5]": 267475.5035527266, "pm[*,6]": 254211.58831801327, "pm[*,7]": 241711.59376789513, "pm[*,8]": 230576.68690929582, "pm[*,9]": 221115.22517219075, "pm[*,10]": 213366.56302748426, "pm[*,11]": 207187.7108140259, "pm[*,12]": 202346.07508341363, "pm[*,13]": 198588.0160518754, "pm[*,14]": 195678.19122155488, "pm[*,15]": 193416.57762655753, "pm[*,16]": 191642.0224144121, "pm[*,17]": 190229.09628252583, "pm[*,18]": 189082.40211492236, "pm[*,19]": 188130.520529906, "pm[*,20]": 187320.56655031853, "pm[*,21]": 186613.68072237607, "pm[*,22]": 182295.45769649057, "pm[*,23]": 179076.37637218807, "pm[*,24]": 175098.89721032474, "pm[*,25]": 170255.3497051792, "pm[*,26]": 164538.41514727438, "pm[*,27]": 158046.7468514762, "pm[*,28]": 150995.74747438982, "pm[*,29]": 143693.06079181467, "pm[*,30]": 136480.5400742882, "pm[*,31]": 129665.2694471328, "pm[*,32]": 123468.64525452022, "pm[*,33]": 118009.15864374136, "pm[*,34]": 113314.638654855, "pm[*,35]": 109349.00978523114, "pm[*,36]": 106039.92084205753, "pm[*,37]": 103300.18044614153, "pm[*,38]": 101041.57067783595, "pm[*,39]": 99182.40090571818, "pm[*,40]": 97650.82840987947, "pm[*,41]": 96385.6697230767, "pm[*,42]": 95335.89250641751, "pn[*,1]": 98528.2598102312, "pn[*,2]": 93929.42047783997, "pn[*,3]": 89989.14043366563, "pn[*,4]": 85542.47181838032, "pn[*,5]": 80820.38682701753, "pn[*,6]": 76118.62968818913, "pn[*,7]": 71721.17786427251, "pn[*,8]": 67832.84419855772, "pn[*,9]": 64551.36563208655, "pn[*,10]": 61880.017808754965, "pn[*,11]": 59760.64620096156, "pn[*,12]": 58106.846519678846, "pn[*,13]": 56827.46139555908, "pn[*,14]": 55839.47405876967, "pn[*,15]": 55073.18606314637, "pn[*,16]": 54472.92270246701, "pn[*,17]": 53995.61814406286, "pn[*,18]": 53608.666444918694, "pn[*,19]": 53287.73938351741, "pn[*,20]": 53014.86806766059, "pn[*,21]": 52776.874751757474, "pn[*,22]": 51326.185423171155, "pn[*,23]": 50248.34217766897, "pn[*,24]": 48920.9007789165, "pn[*,25]": 47311.046575442444, "pn[*,26]": 45420.551319664235, "pn[*,27]": 43286.98928798608, "pn[*,28]": 40986.08400865181, "pn[*,29]": 38622.01642949197, "pn[*,30]": 36307.07000040618, "pn[*,31]": 34138.80973878511, "pn[*,32]": 32184.41657653772, "pn[*,33]": 30476.65622307337, "pn[*,34]": 29019.27583741281, "pn[*,35]": 27796.50551906435, "pn[*,36]": 26782.230354672498, "pn[*,37]": 25946.76976607162,