{"M[*,1]": 105650.69912997026, "M[*,2]": 3383.3651989835557, "M[*,3]": 3411.403532459972, "M[*,4]": 3445.071603015106, "M[*,5]": 3484.2292678060107, "M[*,6]": 3527.087652180534, "M[*,7]": 3571.1037079733246, "M[*,8]": 3613.5675447057174, "M[*,9]": 3652.2300147909787, "M[*,10]": 3685.688931348693, "M[*,11]": 3713.4380648703955, "M[*,12]": 3735.673450500224, "M[*,13]": 3753.015455725744, "M[*,14]": 3766.262648014188, "M[*,15]": 3776.223774627796, "M[*,16]": 3783.626023029269, "M[*,17]": 3789.0784612883376, "M[*,18]": 3793.06832615917, "M[*,19]": 3795.9734906583617, "M[*,20]": 3798.0807919510894, "M[*,21]": 3799.6047092250396, "M[*,22]": 2930.4300922695734, "M[*,23]": 2952.5960475651023, "M[*,24]": 2981.263002634699, "M[*,25]": 3018.770187800122, "M[*,26]": 3066.819882153752, "M[*,27]": 3126.7748847242774, "M[*,28]": 3199.288149089594, "M[*,29]": 3283.9465675618762, "M[*,30]": 3379.0836565662025, "M[*,31]": 3481.873532885492, "M[*,32]": 3588.706819287815, "M[*,33]": 3695.7284693744646, "M[*,34]": 3799.367415145407, "M[*,35]": 3896.7247884279896, "M[*,36]": 3985.766740420407, "M[*,37]": 4065.338350374187, "M[*,38]": 4135.05309056982, "M[*,39]": 4195.1194593426335, "M[*,40]": 4246.154864906963, "M[*,41]": 4289.018714890327, "M[*,42]": 4670.9768767711075, "x[*,1]": 0.02324301192144619, "x[*,2]": 0.04786357318667036, "x[*,3]": 0.06983877793039263, "x[*,4]": 0.09615792127995719, "x[*,5]": 0.12591276587255554, "x[*,6]": 0.1575000162253297, "x[*,7]": 0.1889497420971871, "x[*,8]": 0.21840111319978137, "x[*,9]": 0.2445000101549464, "x[*,10]": 0.2665615467737531, "x[*,11]": 0.28450230245155983, "x[*,12]": 0.2986508088222105, "x[*,13]": 0.309546397774349, "x[*,14]": 0.3177861486303733, "x[*,15]": 0.3239325127231029, "x[*,16]": 0.32846994337626445, "x[*,17]": 0.3317930327929297, "x[*,18]": 0.334211519142128, "x[*,19]": 0.3359624756880673, "x[*,20]": 0.33722419944196946, "x[*,21]": 0.33812913444827974, "x[*,22]": 0.35748445087824554, "x[*,23]": 0.3716980314544434, "x[*,24]": 0.3901475817498984, "x[*,25]": 0.41379627381566464, "x[*,26]": 0.44328058872826737, "x[*,27]": 0.47883189388307307, "x[*,28]": 0.5200778538622851, "x[*,29]": 0.5659471887254225, "x[*,30]": 0.6147576714095103, "x[*,31]": 0.664486215185184, "x[*,32]": 0.7131248031036915, "x[*,33]": 0.75898949703197, "x[*,34]": 0.8008942887206948, "x[*,35]": 0.8381795496817918, "x[*,36]": 0.8706390050682487, "x[*,37]": 0.8984017459836082, "x[*,38]": 0.9218119059284005, "x[*,39]": 0.9413284255413198, "x[*,40]": 0.9574517633281554, "x[*,41]": 0.9706757381644558, "x[*,42]": 0.9814592610930416, "dummy_x[*,1]": 0.0, "dummy_x[*,2]": 0.0, "dummy_x[*,3]": 0.0, "dummy_x[*,4]": 0.0, "dummy_x[*,5]": 0.0, "dummy_x[*,6]": 0.0, "dummy_x[*,7]": 0.0, "dummy_x[*,8]": 0.0, "dummy_x[*,9]": 0.0, "dummy_x[*,10]": 0.0, "dummy_x[*,11]": 0.0, "dummy_x[*,12]": 0.0, "dummy_x[*,13]": 0.0, "dummy_x[*,14]": 0.0, "dummy_x[*,15]": 0.0, "dummy_x[*,16]": 0.0, "dummy_x[*,17]": 0.0, "dummy_x[*,18]": 0.0, "dummy_x[*,19]": 0.0, "dummy_x[*,20]": 0.0, "dummy_x[*,21]": 0.0, "dummy_x[*,22]": 0.0, "dummy_x[*,23]": 0.0, "dummy_x[*,24]": 0.0, "dummy_x[*,25]": 0.0, "dummy_x[*,26]": 0.0, "dummy_x[*,27]": 0.0, "dummy_x[*,28]": 0.0, "dummy_x[*,29]": 0.0, "dummy_x[*,30]": 0.0, "dummy_x[*,31]": 0.0, "dummy_x[*,32]": 0.0, "dummy_x[*,33]": 0.0, "dummy_x[*,34]": 0.0, "dummy_x[*,35]": 0.0, "dummy_x[*,36]": 0.0, "dummy_x[*,37]": 0.0, "dummy_x[*,38]": 0.0, "dummy_x[*,39]": 0.0, "dummy_x[*,40]": 0.0, "dummy_x[*,41]": 0.0, "dummy_x[*,42]": 0.0, "T[*,1]": 369.4512019010994, "T[*,2]": 368.0271236455881, "T[*,3]": 366.7930265505085, "T[*,4]": 365.3792556807172, "T[*,5]": 363.85280507914206, "T[*,6]": 362.3049761547395, "T[*,7]": 360.82885053324793, "T[*,8]": 359.4973153100905, "T[*,9]": 358.3514582382099, "T[*,10]": 357.4014313700207, "T[*,11]": 356.6350228445735, "T[*,12]": 356.0278665193314, "T[*,13]": 355.55158714541557, "T[*,14]": 355.17886638929514, "T[*,15]": 354.88591178668423, "T[*,16]": 354.6532247790841, "T[*,17]": 354.4654448174062, "T[*,18]": 354.3107891802542, "T[*,19]": 354.1803840261917, "T[*,20]": 354.06763153143726, "T[*,21]": 353.9676704270151, "T[*,22]": 353.2271391402532, "T[*,23]": 352.67992386521854, "T[*,24]": 351.9973681765859, "T[*,25]": 351.15677963261726, "T[*,26]": 350.1512559866531, "T[*,27]": 348.99097087292967, "T[*,28]": 347.7063320966988, "T[*,29]": 346.34578422026954, "T[*,30]": 344.96776731628813, "T[*,31]": 343.62964250335153, "T[*,32]": 342.3780346913172, "T[*,33]": 341.2437470896622, "T[*,34]": 340.241579745646, "T[*,35]": 339.3733449895, "T[*,36]": 338.6319925157292, "T[*,37]": 338.0054182151752, "T[*,38]": 337.4793518972257, "T[*,39]": 337.03926615935706, "T[*,40]": 336.6714905723131, "T[*,41]": 336.36376637175533, "T[*,42]": 336.1054442003601, "Tdot[*,1]": 0.0, "Tdot[*,2]": 0.0, "Tdot[*,3]": 0.0, "Tdot[*,4]": 0.0, "Tdot[*,5]": 0.0, "Tdot[*,6]": 0.0, "Tdot[*,7]": 0.0, "Tdot[*,8]": 0.0, "Tdot[*,9]": 0.0, "Tdot[*,10]": 0.0, "Tdot[*,11]": 0.0, "Tdot[*,12]": 0.0, "Tdot[*,13]": 0.0, "Tdot[*,14]": 0.0, "Tdot[*,15]": 0.0, "Tdot[*,16]": 0.0, "Tdot[*,17]": 0.0, "Tdot[*,18]": 0.0, "Tdot[*,19]": 0.0, "Tdot[*,20]": 0.0, "Tdot[*,21]": 0.0, "Tdot[*,22]": 0.0, "Tdot[*,23]": 0.0, "Tdot[*,24]": 0.0, "Tdot[*,25]": 0.0, "Tdot[*,26]": 0.0, "Tdot[*,27]": 0.0, "Tdot[*,28]": 0.0, "Tdot[*,29]": 0.0, "Tdot[*,30]": 0.0, "Tdot[*,31]": 0.0, "Tdot[*,32]": 0.0, "Tdot[*,33]": 0.0, "Tdot[*,34]": 0.0, "Tdot[*,35]": 0.0, "Tdot[*,36]": 0.0, "Tdot[*,37]": 0.0, "Tdot[*,38]": 0.0, "Tdot[*,39]": 0.0, "Tdot[*,40]": 0.0, "Tdot[*,41]": 0.0, "Tdot[*,42]": 0.0, "pm[*,1]": 314750.3810956261, "pm[*,2]": 300548.2325114432, "pm[*,3]": 288667.7380901938, "pm[*,4]": 275531.7662503176, "pm[*,5]": 261901.61620542992, "pm[*,6]": 248648.98899769955, "pm[*,7]": 236527.0144257112, "pm[*,8]": 226012.21720836827, "pm[*,9]": 217273.65372592668, "pm[*,10]": 210240.7063243247, "pm[*,11]": 204704.38164080007, "pm[*,12]": 200404.04943027857, "pm[*,13]": 197082.93937023234, "pm[*,14]": 194515.65079651124, "pm[*,15]": 192517.16398426617, "pm[*,16]": 190941.88417608856, "pm[*,17]": 189678.3746098709, "pm[*,18]": 188642.92513714227, "pm[*,19]": 187773.4587707203, "pm[*,20]": 187024.35320622276, "pm[*,21]": 186362.29122603178, "pm[*,22]": 181517.48423019945, "pm[*,23]": 178004.50886438135, "pm[*,24]": 173701.4312271164, "pm[*,25]": 168520.31247526637, "pm[*,26]": 162490.78340887374, "pm[*,27]": 155755.7648773421, "pm[*,28]": 148569.7419318978, "pm[*,29]": 141260.354021575, "pm[*,30]": 134163.1603366901, "pm[*,31]": 127556.75767087592, "pm[*,32]": 121623.95565143552, "pm[*,33]": 116446.89995325608, "pm[*,34]": 112026.45857279745, "pm[*,35]": 108310.40799529219, "pm[*,36]": 105219.1048971988, "pm[*,37]": 102663.98774025154, "pm[*,38]": 100558.82201583633, "pm[*,39]": 98825.45757047848, "pm[*,40]": 97396.0594619482, "pm[*,41]": 96213.33352607467, "pm[*,42]": 95229.74664828976, "pn[*,1]": 97848.5481101347, "pn[*,2]": 92691.22070294117, "pn[*,3]": 88403.81214870368, "pn[*,4]": 83693.20248720673, "pn[*,5]": 78840.23519217083, "pn[*,6]": 74157.60403760483, "pn[*,7]": 69907.23580047034, "pn[*,8]": 66247.12629379236, "pn[*,9]": 63225.13580364855, "pn[*,10]": 60806.618375685735, "pn[*,11]": 58911.62507677515, "pn[*,12]": 57445.23420458026, "pn[*,13]": 56316.14626938588, "pn[*,14]": 55445.400894611856, "pn[*,15]": 54768.83894741368, "pn[*,16]": 54236.336493468596, "pn[*,17]": 53809.73051395181, "pn[*,18]": 53460.4644535735, "pn[*,19]": 53167.4229697491, "pn[*,20]": 52915.12180189916, "pn[*,21]": 52692.27214718425, "pn[*,22]": 51065.41292271373, "pn[*,23]": 49890.14205646502, "pn[*,24]": 48455.668578041805, "pn[*,25]": 46736.179610820465, "pn[*,26]": 44746.04147660682, "pn[*,27]": 42537.46892869509, "pn[*,28]": 40198.53558007954, "pn[*,29]": 37838.943410832944, "pn[*,30]": 35567.659484897675, "pn[*,31]": 33471.92688426926, "pn[*,32]": 31605.871373589667, "pn[*,33]": 29990.50200938673, "pn[*,34]": 28621.223905762086, "pn[*,35]": 27477.559183102385, "pn[*,36]": 26531.51515989716, "pn[*,37]": 25753.3378880322,