{"M[*,1]": 104842.03192447124, "M[*,2]": 3365.1593214973436, "M[*,3]": 3377.657263786469, "M[*,4]": 3394.2123488915586, "M[*,5]": 3415.995069022318, "M[*,6]": 3443.6337001866964, "M[*,7]": 3477.164100328232, "M[*,8]": 3515.7563224117657, "M[*,9]": 3557.6581822221506, "M[*,10]": 3600.4706765612036, "M[*,11]": 3641.6831069216623, "M[*,12]": 3679.2262723756658, "M[*,13]": 3711.8074054156345, "M[*,14]": 3738.950549822771, "M[*,15]": 3760.824724207922, "M[*,16]": 3777.9958744278874, "M[*,17]": 3791.2039253794214, "M[*,18]": 3801.207357040627, "M[*,19]": 3808.6956963132566, "M[*,20]": 3814.252453974203, "M[*,21]": 3818.3489941332023, "M[*,22]": 2966.9670908261182, "M[*,23]": 2996.0919737805216, "M[*,24]": 3033.254368931934, "M[*,25]": 3080.9498335075855, "M[*,26]": 3140.58744830091, "M[*,27]": 3212.857333415974, "M[*,28]": 3297.375564989257, "M[*,29]": 3392.486779670033, "M[*,30]": 3495.3534517378266, "M[*,31]": 3602.3354472967967, "M[*,32]": 3709.537702109352, "M[*,33]": 3813.350823708057, "M[*,34]": 3910.8470794889977, "M[*,35]": 3999.9762830657796, "M[*,36]": 4079.5788752411236, "M[*,37]": 4149.272403814991, "M[*,38]": 4209.274613467318, "M[*,39]": 4260.214244505327, "M[*,40]": 4302.961922646531, "M[*,41]": 4338.496270926449, "M[*,42]": 4715.091606667605, "x[*,1]": 0.008993601059188543, "x[*,2]": 0.019195691616092296, "x[*,3]": 0.029346878341333153, "x[*,4]": 0.04291099496896515, "x[*,5]": 0.060466736357420496, "x[*,6]": 0.0822893805376435, "x[*,7]": 0.10812480763281858, "x[*,8]": 0.13704993492732398, "x[*,9]": 0.167540549986396, "x[*,10]": 0.19777569403291823, "x[*,11]": 0.22605875141631582, "x[*,12]": 0.25116012779276803, "x[*,13]": 0.27245436519766264, "x[*,14]": 0.2898591648381173, "x[*,15]": 0.30366863792135884, "x[*,16]": 0.31437461471360467, "x[*,17]": 0.32252831071363136, "x[*,18]": 0.32865473358642494, "x[*,19]": 0.33321081123684915, "x[*,20]": 0.33657240728238197, "x[*,21]": 0.33903733859295143, "x[*,22]": 0.36391027314319996, "x[*,23]": 0.38238625671799076, "x[*,24]": 0.40590835679469284, "x[*,25]": 0.43530246240913867, "x[*,26]": 0.4708280467060354, "x[*,27]": 0.5121335097871967, "x[*,28]": 0.5581553967101899, "x[*,29]": 0.6072018575266697, "x[*,30]": 0.657224797150928, "x[*,31]": 0.7061835978570096, "x[*,32]": 0.7523632729437777, "x[*,33]": 0.7945546194552735, "x[*,34]": 0.8320847170132695, "x[*,35]": 0.864742739199497, "x[*,36]": 0.8926593875365827, "x[*,37]": 0.9161839319806895, "x[*,38]": 0.9357819245253508, "x[*,39]": 0.9519605719137244, "x[*,40]": 0.9652198373927195, "x[*,41]": 0.9760238484984847, "x[*,42]": 0.984786748994592, "dummy_x[*,1]": 0.0, "dummy_x[*,2]": 0.0, "dummy_x[*,3]": 0.0, "dummy_x[*,4]": 0.0, "dummy_x[*,5]": 0.0, "dummy_x[*,6]": 0.0, "dummy_x[*,7]": 0.0, "dummy_x[*,8]": 0.0, "dummy_x[*,9]": 0.0, "dummy_x[*,10]": 0.0, "dummy_x[*,11]": 0.0, "dummy_x[*,12]": 0.0, "dummy_x[*,13]": 0.0, "dummy_x[*,14]": 0.0, "dummy_x[*,15]": 0.0, "dummy_x[*,16]": 0.0, "dummy_x[*,17]": 0.0, "dummy_x[*,18]": 0.0, "dummy_x[*,19]": 0.0, "dummy_x[*,20]": 0.0, "dummy_x[*,21]": 0.0, "dummy_x[*,22]": 0.0, "dummy_x[*,23]": 0.0, "dummy_x[*,24]": 0.0, "dummy_x[*,25]": 0.0, "dummy_x[*,26]": 0.0, "dummy_x[*,27]": 0.0, "dummy_x[*,28]": 0.0, "dummy_x[*,29]": 0.0, "dummy_x[*,30]": 0.0, "dummy_x[*,31]": 0.0, "dummy_x[*,32]": 0.0, "dummy_x[*,33]": 0.0, "dummy_x[*,34]": 0.0, "dummy_x[*,35]": 0.0, "dummy_x[*,36]": 0.0, "dummy_x[*,37]": 0.0, "dummy_x[*,38]": 0.0, "dummy_x[*,39]": 0.0, "dummy_x[*,40]": 0.0, "dummy_x[*,41]": 0.0, "dummy_x[*,42]": 0.0, "T[*,1]": 370.2629378083227, "T[*,2]": 369.61489110484433, "T[*,3]": 368.9791338044617, "T[*,4]": 368.16579484225235, "T[*,5]": 367.15585718727425, "T[*,6]": 365.95189214679067, "T[*,7]": 364.5869285548835, "T[*,8]": 363.12506467740985, "T[*,9]": 361.6501612672357, "T[*,10]": 360.2461418363655, "T[*,11]": 358.97824728133025, "T[*,12]": 357.8833506973293, "T[*,13]": 356.97083171619283, "T[*,14]": 356.2299999786697, "T[*,15]": 355.6390007252563, "T[*,16]": 355.172041674694, "T[*,17]": 354.8040001331721, "T[*,18]": 354.5127569462375, "T[*,19]": 354.2799985763758, "T[*,20]": 354.09115816261186, "T[*,21]": 353.93495939814375, "T[*,22]": 353.0018713022419, "T[*,23]": 352.3125352607713, "T[*,24]": 351.46893192726657, "T[*,25]": 350.45759942697697, "T[*,26]": 349.28811337167264, "T[*,27]": 347.99087551615133, "T[*,28]": 346.6149679663804, "T[*,29]": 345.22000001164685, "T[*,30]": 343.86470774992074, "T[*,31]": 342.59693084790644, "T[*,32]": 341.44829571789916, "T[*,33]": 340.43399046990635, "T[*,34]": 339.55586646426104, "T[*,35]": 338.806692515634, "T[*,36]": 338.17407791970703, "T[*,37]": 337.6434387399192, "T[*,38]": 337.19995143880635, "T[*,39]": 336.82968762948195, "T[*,40]": 336.5201746723579, "T[*,41]": 336.2605916009075, "T[*,42]": 336.04175292148085, "Tdot[*,1]": 0.0, "Tdot[*,2]": 0.0, "Tdot[*,3]": 0.0, "Tdot[*,4]": 0.0, "Tdot[*,5]": 0.0, "Tdot[*,6]": 0.0, "Tdot[*,7]": 0.0, "Tdot[*,8]": 0.0, "Tdot[*,9]": 0.0, "Tdot[*,10]": 0.0, "Tdot[*,11]": 0.0, "Tdot[*,12]": 0.0, "Tdot[*,13]": 0.0, "Tdot[*,14]": 0.0, "Tdot[*,15]": 0.0, "Tdot[*,16]": 0.0, "Tdot[*,17]": 0.0, "Tdot[*,18]": 0.0, "Tdot[*,19]": 0.0, "Tdot[*,20]": 0.0, "Tdot[*,21]": 0.0, "Tdot[*,22]": 0.0, "Tdot[*,23]": 0.0, "Tdot[*,24]": 0.0, "Tdot[*,25]": 0.0, "Tdot[*,26]": 0.0, "Tdot[*,27]": 0.0, "Tdot[*,28]": 0.0, "Tdot[*,29]": 0.0, "Tdot[*,30]": 0.0, "Tdot[*,31]": 0.0, "Tdot[*,32]": 0.0, "Tdot[*,33]": 0.0, "Tdot[*,34]": 0.0, "Tdot[*,35]": 0.0, "Tdot[*,36]": 0.0, "Tdot[*,37]": 0.0, "Tdot[*,38]": 0.0, "Tdot[*,39]": 0.0, "Tdot[*,40]": 0.0, "Tdot[*,41]": 0.0, "Tdot[*,42]": 0.0, "pm[*,1]": 323087.42144829663, "pm[*,2]": 316417.29783490015, "pm[*,3]": 309983.1593464438, "pm[*,4]": 301907.76963089895, "pm[*,5]": 292120.13871075807, "pm[*,6]": 280792.21554180677, "pm[*,7]": 268386.2595731864, "pm[*,8]": 255600.45681321272, "pm[*,9]": 243210.32898932399, "pm[*,10]": 231877.22077372213, "pm[*,11]": 222018.6271926992, "pm[*,12]": 213784.54300836887, "pm[*,13]": 207115.2292151129, "pm[*,14]": 201827.3772552308, "pm[*,15]": 197689.05964712502, "pm[*,16]": 194468.90027649657, "pm[*,17]": 191961.41047859177, "pm[*,18]": 189996.0716761353, "pm[*,19]": 188437.332752373, "pm[*,20]": 187180.45598406473, "pm[*,21]": 186146.05937404724, "pm[*,22]": 180064.46979917947, "pm[*,23]": 175677.57028004815, "pm[*,24]": 170429.22313220354, "pm[*,25]": 164308.56301763593, "pm[*,26]": 157458.17898083795, "pm[*,27]": 150137.2952464033, "pm[*,28]": 142682.3772078512, "pm[*,29]": 135439.65622338976, "pm[*,30]": 128697.33564153695, "pm[*,31]": 122644.6950631073, "pm[*,32]": 117366.71094038952, "pm[*,33]": 112864.16110775182, "pm[*,34]": 109082.96646990311, "pm[*,35]": 105940.8760247344, "pm[*,36]": 103346.6316653677, "pm[*,37]": 101211.55633342068, "pm[*,38]": 99455.44013290256, "pm[*,39]": 98008.78277160719, "pm[*,40]": 96812.97786892843, "pm[*,41]": 95819.4749208245, "pm[*,42]": 94988.52827970553, "pn[*,1]": 100891.65996416916, "pn[*,2]": 98456.08375016025, "pn[*,3]": 96113.5959418514, "pn[*,4]": 93183.43095309623, "pn[*,5]": 89647.11718809904, "pn[*,6]": 85575.7586953516, "pn[*,7]": 81144.52328276304, "pn[*,8]": 76609.26941443275, "pn[*,9]": 72246.65143482183, "pn[*,10]": 68285.54223997887, "pn[*,11]": 64863.768971509795, "pn[*,12]": 62023.73642444919, "pn[*,13]": 59735.84284267691, "pn[*,14]": 57930.03718474138, "pn[*,15]": 56521.98747377161, "pn[*,16]": 55429.56141555817, "pn[*,17]": 54580.89414051304, "pn[*,18]": 53916.95375195176, "pn[*,19]": 53391.15283544192, "pn[*,20]": 52967.68436971919, "pn[*,21]": 52619.51615575273, "pn[*,22]": 50578.85429304851, "pn[*,23]": 49113.72494742255, "pn[*,24]": 47368.70886919054, "pn[*,25]": 45344.76639079705, "pn[*,26]": 43094.25888997286, "pn[*,27]": 40707.161557335625, "pn[*,28]": 38296.40787736444, "pn[*,29]": 35974.68427270786, "pn[*,30]": 33832.434764052196, "pn[*,31]": 31925.814603413386, "pn[*,32]": 30276.59633274043, "pn[*,33]": 28879.984573806807, "pn[*,34]": 27714.75372072273, "pn[*,35]": 26751.95883579064, "pn[*,36]": 25960.901560663162,