{"M[*,1]": 105131.16066968664, "M[*,2]": 3367.2054651527974, "M[*,3]": 3385.7258101592815, "M[*,4]": 3409.3220691866236, "M[*,5]": 3438.8586804538777, "M[*,6]": 3474.099142536259, "M[*,7]": 3513.8853336735397, "M[*,8]": 3556.1911374735823, "M[*,9]": 3598.5097872012875, "M[*,10]": 3638.4300087886277, "M[*,11]": 3674.1351539154325, "M[*,12]": 3704.6333148900526, "M[*,13]": 3729.706762930296, "M[*,14]": 3749.6966487520563, "M[*,15]": 3765.254460080793, "M[*,16]": 3777.140690717483, "M[*,17]": 3786.095124140879, "M[*,18]": 3792.7700046618506, "M[*,19]": 3797.706433055885, "M[*,20]": 3801.335600238476, "M[*,21]": 3803.9917736164184, "M[*,22]": 2936.5460526540196, "M[*,23]": 2957.925700960646, "M[*,24]": 2985.6954233256056, "M[*,25]": 3022.1422097113327, "M[*,26]": 3069.002583991868, "M[*,27]": 3127.7152814711167, "M[*,28]": 3199.050517266186, "M[*,29]": 3282.7381753838713, "M[*,30]": 3377.249494482837, "M[*,31]": 3479.855667820255, "M[*,32]": 3586.979733457349, "M[*,33]": 3694.731316126681, "M[*,34]": 3799.4521096334392, "M[*,35]": 3898.1291730306566, "M[*,36]": 3988.6120244378667, "M[*,37]": 4069.643990386048, "M[*,38]": 4140.76069010547, "M[*,39]": 4202.118588035093, "M[*,40]": 4254.306172056387, "M[*,41]": 4298.172123083167, "M[*,42]": 4680.848559295463, "x[*,1]": 0.014117061850852203, "x[*,2]": 0.029694034811723825, "x[*,3]": 0.04454406935535772, "x[*,4]": 0.0635376826699489, "x[*,5]": 0.08679784455667386, "x[*,6]": 0.1138470381679145, "x[*,7]": 0.1435282291181666, "x[*,8]": 0.1741602113442272, "x[*,9]": 0.20390682803237675, "x[*,10]": 0.2311966015248545, "x[*,11]": 0.2550035899709073, "x[*,12]": 0.2749078526639641, "x[*,13]": 0.2909834720191931, "x[*,14]": 0.3036167584110517, "x[*,15]": 0.31333686124884036, "x[*,16]": 0.3206955127006513, "x[*,17]": 0.32619832296859763, "x[*,18]": 0.33027492632703354, "x[*,19]": 0.33327312665059966, "x[*,20]": 0.33546545141187295, "x[*,21]": 0.3370606857319548, "x[*,22]": 0.3551360719716784, "x[*,23]": 0.3688724431437069, "x[*,24]": 0.38677260247985784, "x[*,25]": 0.4098042576384474, "x[*,26]": 0.4386450684382661, "x[*,27]": 0.47359168050906775, "x[*,28]": 0.5143520018179314, "x[*,29]": 0.5599303904783518, "x[*,30]": 0.6086924434045635, "x[*,31]": 0.6586202434177048, "x[*,32]": 0.7076697345068592, "x[*,33]": 0.7540949423747583, "x[*,34]": 0.7966411740422008, "x[*,35]": 0.8345883624318826, "x[*,36]": 0.8676853347305915, "x[*,37]": 0.8960327863421705, "x[*,38]": 0.9199603688185841, "x[*,39]": 0.9399226766558028, "x[*,40]": 0.9564223674289857, "x[*,41]": 0.9699591640697606, "x[*,42]": 0.9809995839294012, "dummy_x[*,1]": 0.0, "dummy_x[*,2]": 0.0, "dummy_x[*,3]": 0.0, "dummy_x[*,4]": 0.0, "dummy_x[*,5]": 0.0, "dummy_x[*,6]": 0.0, "dummy_x[*,7]": 0.0, "dummy_x[*,8]": 0.0, "dummy_x[*,9]": 0.0, "dummy_x[*,10]": 0.0, "dummy_x[*,11]": 0.0, "dummy_x[*,12]": 0.0, "dummy_x[*,13]": 0.0, "dummy_x[*,14]": 0.0, "dummy_x[*,15]": 0.0, "dummy_x[*,16]": 0.0, "dummy_x[*,17]": 0.0, "dummy_x[*,18]": 0.0, "dummy_x[*,19]": 0.0, "dummy_x[*,20]": 0.0, "dummy_x[*,21]": 0.0, "dummy_x[*,22]": 0.0, "dummy_x[*,23]": 0.0, "dummy_x[*,24]": 0.0, "dummy_x[*,25]": 0.0, "dummy_x[*,26]": 0.0, "dummy_x[*,27]": 0.0, "dummy_x[*,28]": 0.0, "dummy_x[*,29]": 0.0, "dummy_x[*,30]": 0.0, "dummy_x[*,31]": 0.0, "dummy_x[*,32]": 0.0, "dummy_x[*,33]": 0.0, "dummy_x[*,34]": 0.0, "dummy_x[*,35]": 0.0, "dummy_x[*,36]": 0.0, "dummy_x[*,37]": 0.0, "dummy_x[*,38]": 0.0, "dummy_x[*,39]": 0.0, "dummy_x[*,40]": 0.0, "dummy_x[*,41]": 0.0, "dummy_x[*,42]": 0.0, "T[*,1]": 369.9688858355086, "T[*,2]": 369.0248940068511, "T[*,3]": 368.14210093799267, "T[*,4]": 367.05876362160524, "T[*,5]": 365.78708576936054, "T[*,6]": 364.3717510614969, "T[*,7]": 362.8864036074209, "T[*,8]": 361.4183759490248, "T[*,9]": 360.04779495747556, "T[*,10]": 358.8310985235361, "T[*,11]": 357.79517583964474, "T[*,12]": 356.9412414945216, "T[*,13]": 356.25344433683756, "T[*,14]": 355.70754246705496, "T[*,15]": 355.2773011998621, "T[*,16]": 354.9382557991608, "T[*,17]": 354.66942314745904, "T[*,18]": 354.45372569519714, "T[*,19]": 354.27773891444565, "T[*,20]": 354.1311573917318, "T[*,21]": 354.00619987924756, "T[*,22]": 353.30990351196533, "T[*,23]": 352.77783520017095, "T[*,24]": 352.11180511486634, "T[*,25]": 351.2884799232831, "T[*,26]": 350.29914562422744, "T[*,27]": 349.1516798356884, "T[*,28]": 347.87427664901145, "T[*,29]": 346.51397195279065, "T[*,30]": 345.12910766675793, "T[*,31]": 343.7782381995805, "T[*,32]": 342.50996899420744, "T[*,33]": 341.35721460955637, "T[*,34]": 340.3365325597415, "T[*,35]": 339.45093923014775, "T[*,36]": 338.69405571168716, "T[*,37]": 338.05404091083824, "T[*,38]": 337.51662005549355, "T[*,39]": 337.067109551788, "T[*,40]": 336.6916123512615, "T[*,41]": 336.3776233822737, "T[*,42]": 336.11425588900687, "Tdot[*,1]": 0.0, "Tdot[*,2]": 0.0, "Tdot[*,3]": 0.0, "Tdot[*,4]": 0.0, "Tdot[*,5]": 0.0, "Tdot[*,6]": 0.0, "Tdot[*,7]": 0.0, "Tdot[*,8]": 0.0, "Tdot[*,9]": 0.0, "Tdot[*,10]": 0.0, "Tdot[*,11]": 0.0, "Tdot[*,12]": 0.0, "Tdot[*,13]": 0.0, "Tdot[*,14]": 0.0, "Tdot[*,15]": 0.0, "Tdot[*,16]": 0.0, "Tdot[*,17]": 0.0, "Tdot[*,18]": 0.0, "Tdot[*,19]": 0.0, "Tdot[*,20]": 0.0, "Tdot[*,21]": 0.0, "Tdot[*,22]": 0.0, "Tdot[*,23]": 0.0, "Tdot[*,24]": 0.0, "Tdot[*,25]": 0.0, "Tdot[*,26]": 0.0, "Tdot[*,27]": 0.0, "Tdot[*,28]": 0.0, "Tdot[*,29]": 0.0, "Tdot[*,30]": 0.0, "Tdot[*,31]": 0.0, "Tdot[*,32]": 0.0, "Tdot[*,33]": 0.0, "Tdot[*,34]": 0.0, "Tdot[*,35]": 0.0, "Tdot[*,36]": 0.0, "Tdot[*,37]": 0.0, "Tdot[*,38]": 0.0, "Tdot[*,39]": 0.0, "Tdot[*,40]": 0.0, "Tdot[*,41]": 0.0, "Tdot[*,42]": 0.0, "pm[*,1]": 320046.7897864284, "pm[*,2]": 310442.67974587687, "pm[*,3]": 301675.1190506782, "pm[*,4]": 291192.98937166436, "pm[*,5]": 279269.9040838876, "pm[*,6]": 266472.1032937072, "pm[*,7]": 253561.23851577117, "pm[*,8]": 241308.72459774098, "pm[*,9]": 230311.69970473257, "pm[*,10]": 220897.09908159237, "pm[*,11]": 213132.49922200726, "pm[*,12]": 206901.8610598849, "pm[*,13]": 201992.99799050702, "pm[*,14]": 198165.3958562856, "pm[*,15]": 195190.9764191421, "pm[*,16]": 192873.0003367129, "pm[*,17]": 191051.20154017815, "pm[*,18]": 189599.7492971326, "pm[*,19]": 188422.2520019276, "pm[*,20]": 187446.1032761969, "pm[*,21]": 186617.2503130874, "pm[*,22]": 182053.749175764, "pm[*,23]": 178628.92206715915, "pm[*,24]": 174416.83481647895, "pm[*,25]": 169323.53837859372, "pm[*,26]": 163366.24570167667, "pm[*,27]": 156674.61329364605, "pm[*,28]": 149493.30472071603, "pm[*,29]": 142147.46080242164, "pm[*,30]": 134978.514796576, "pm[*,31]": 128276.79085585065, "pm[*,32]": 122238.33344696849, "pm[*,33]": 116956.39636591192, "pm[*,34]": 112439.20827819273, "pm[*,35]": 108638.2830757611, "pm[*,36]": 105475.04819035344, "pm[*,37]": 102860.4000596308, "pm[*,38]": 100706.76547536255, "pm[*,39]": 98934.38160735685, "pm[*,40]": 97473.81680556848, "pm[*,41]": 96266.3337999202, "pm[*,42]": 95263.15938201368, "pn[*,1]": 99780.48697961772, "pn[*,2]": 96280.66569955977, "pn[*,3]": 93099.17885402116, "pn[*,4]": 89313.01420013416, "pn[*,5]": 85030.43254236877, "pn[*,6]": 80463.467772224, "pn[*,7]": 75889.02129944203, "pn[*,8]": 71580.01144637425, "pn[*,9]": 67740.65367395958, "pn[*,10]": 64475.96551205841, "pn[*,11]": 61799.55626513507, "pn[*,12]": 59662.83571376251, "pn[*,13]": 57986.48479781181, "pn[*,14]": 56683.823681345406, "pn[*,15]": 55674.27454203801, "pn[*,16]": 54889.22120791755, "pn[*,17]": 54273.26719870128, "pn[*,18]": 53783.198785916175, "pn[*,19]": 53386.069119966705, "pn[*,20]": 53057.14868243345, "pn[*,21]": 52778.07619342968, "pn[*,22]": 51245.146756837414, "pn[*,23]": 50098.7680817742, "pn[*,24]": 48693.758632579935, "pn[*,25]": 47002.19107485782, "pn[*,26]": 45034.25649678343, "pn[*,27]": 42837.86133730032, "pn[*,28]": 40498.0964240447, "pn[*,29]": 38124.23399477788, "pn[*,30]": 35827.56781732089, "pn[*,31]": 33699.44631999391, "pn[*,32]": 31798.38737306858, "pn[*,33]": 30148.92452267828, "pn[*,34]": 28748.6765393611, "pn[*,35]": 27578.18795252952, "pn[*,36]": 26609.65432712257,