{"M[*,1]": 104354.34161382733, "M[*,2]": 3392.369932668174, "M[*,3]": 3392.9702766184787, "M[*,4]": 3393.841562141545, "M[*,5]": 3395.1312084436736, "M[*,6]": 3397.0364613866527, "M[*,7]": 3399.8426857574714, "M[*,8]": 3403.9569492558157, "M[*,9]": 3409.9477021747734, "M[*,10]": 3418.583542318903, "M[*,11]": 3430.85340621355, "M[*,12]": 3447.933965204965, "M[*,13]": 3471.0531085435287, "M[*,14]": 3501.201178709305, "M[*,15]": 3538.6990995948736, "M[*,16]": 3582.7614142047873, "M[*,17]": 3631.320071169984, "M[*,18]": 3681.3341868664497, "M[*,19]": 3729.529212891293, "M[*,20]": 3773.2033141026354, "M[*,21]": 3810.716123283257, "M[*,22]": 2955.3762845102597, "M[*,23]": 2973.3876070503957, "M[*,24]": 2999.234164237452, "M[*,25]": 3034.3229891244314, "M[*,26]": 3080.9158730323084, "M[*,27]": 3141.0913363383816, "M[*,28]": 3216.2102990038884, "M[*,29]": 3306.338607857322, "M[*,30]": 3409.849889736048, "M[*,31]": 3523.4397194660587, "M[*,32]": 3642.6077730241977, "M[*,33]": 3762.4319738968575, "M[*,34]": 3878.3475132667204, "M[*,35]": 3986.705854435265, "M[*,36]": 4085.0319471179137, "M[*,37]": 4172.016915749517, "M[*,38]": 4247.339105507698, "M[*,39]": 4311.409559255869, "M[*,40]": 4365.11401487299, "M[*,41]": 4409.5929968692635, "M[*,42]": 4791.942203929501, "x[*,1]": 0.0003677887762810709, "x[*,2]": 0.0008178806293582654, "x[*,3]": 0.001314619056219962, "x[*,4]": 0.0020507283769889556, "x[*,5]": 0.0031397171241544794, "x[*,6]": 0.004746614426939923, "x[*,7]": 0.007108609447130287, "x[*,8]": 0.010560748302904757, "x[*,9]": 0.015564089117318238, "x[*,10]": 0.022728333643592478, "x[*,11]": 0.0328115125589145, "x[*,12]": 0.04666683062627125, "x[*,13]": 0.0650992094555188, "x[*,14]": 0.0886108611178095, "x[*,15]": 0.11707942846482124, "x[*,16]": 0.14951320728739712, "x[*,17]": 0.18407888166278902, "x[*,18]": 0.2184862721571475, "x[*,19]": 0.2505754011834972, "x[*,20]": 0.2788052924948352, "x[*,21]": 0.3024406232008964, "x[*,22]": 0.3026379353000689, "x[*,23]": 0.31523449735062903, "x[*,24]": 0.33257712495038777, "x[*,25]": 0.3556690686531147, "x[*,26]": 0.3855431922491041, "x[*,27]": 0.4228333022661208, "x[*,28]": 0.46743503578592566, "x[*,29]": 0.5182694125785207, "x[*,30]": 0.5733126347441453, "x[*,31]": 0.6299468058449489, "x[*,32]": 0.6854977919621141, "x[*,33]": 0.7377241312542336, "x[*,34]": 0.7850882411473922, "x[*,35]": 0.8267896179109385, "x[*,36]": 0.8626411246950367, "x[*,37]": 0.8928863852593795, "x[*,38]": 0.9180253067767612, "x[*,39]": 0.938677673968442, "x[*,40]": 0.9554899138806441, "x[*,41]": 0.9690784700637294, "x[*,42]": 0.98, "dummy_x[*,1]": -2.2745627891996268e-35, "dummy_x[*,2]": 0.0, "dummy_x[*,3]": 0.0, "dummy_x[*,4]": 0.0, "dummy_x[*,5]": 0.0, "dummy_x[*,6]": 0.0, "dummy_x[*,7]": 0.0, "dummy_x[*,8]": 0.0, "dummy_x[*,9]": 0.0, "dummy_x[*,10]": 0.0, "dummy_x[*,11]": 0.0, "dummy_x[*,12]": 0.0, "dummy_x[*,13]": 0.0, "dummy_x[*,14]": 0.0, "dummy_x[*,15]": 0.0, "dummy_x[*,16]": 0.0, "dummy_x[*,17]": 0.0, "dummy_x[*,18]": 0.0, "dummy_x[*,19]": 0.0, "dummy_x[*,20]": 0.0, "dummy_x[*,21]": 0.0, "dummy_x[*,22]": 0.0, "dummy_x[*,23]": 0.0, "dummy_x[*,24]": 0.0, "dummy_x[*,25]": 0.0, "dummy_x[*,26]": 0.0, "dummy_x[*,27]": 0.0, "dummy_x[*,28]": 0.0, "dummy_x[*,29]": 0.0, "dummy_x[*,30]": 0.0, "dummy_x[*,31]": 0.0, "dummy_x[*,32]": 0.0, "dummy_x[*,33]": 0.0, "dummy_x[*,34]": 0.0, "dummy_x[*,35]": 0.0, "dummy_x[*,36]": 0.0, "dummy_x[*,37]": 0.0, "dummy_x[*,38]": 0.0, "dummy_x[*,39]": 0.0, "dummy_x[*,40]": 0.0, "dummy_x[*,41]": 0.0, "dummy_x[*,42]": -9.66676987499073e-45, "T[*,1]": 370.76366159617214, "T[*,2]": 370.67247527117405, "T[*,3]": 370.5784524163976, "T[*,4]": 370.4703581522077, "T[*,5]": 370.34163192197764, "T[*,6]": 370.1827971011376, "T[*,7]": 369.98036572564683, "T[*,8]": 369.71556467278356, "T[*,9]": 369.3631374102523, "T[*,10]": 368.8908398418324, "T[*,11]": 368.26080128997006, "T[*,12]": 367.43445129596245, "T[*,13]": 366.38251311495344, "T[*,14]": 365.09945107782545, "T[*,15]": 363.6172780930697, "T[*,16]": 362.00951705631525, "T[*,17]": 360.3782793111114, "T[*,18]": 358.82791354577444, "T[*,19]": 357.4388695292723, "T[*,20]": 356.2544523509958, "T[*,21]": 355.2827583405868, "T[*,22]": 355.2239764634291, "T[*,23]": 354.7018250370934, "T[*,24]": 354.0143510340944, "T[*,25]": 353.1369366224622, "T[*,26]": 352.050740498069, "T[*,27]": 350.758058542168, "T[*,28]": 349.29028959927564, "T[*,29]": 347.7079493416392, "T[*,30]": 346.0900995295356, "T[*,31]": 344.51685965352806, "T[*,32]": 343.0531873922564, "T[*,33]": 341.7403996257549, "T[*,34]": 340.59625522088163, "T[*,35]": 339.6202698377188, "T[*,36]": 338.8004018358067, "T[*,37]": 338.11876736800633, "T[*,38]": 337.55562930625246, "T[*,39]": 337.0917952895533, "T[*,40]": 336.70985337873975, "T[*,41]": 336.3946648350253, "T[*,42]": 336.1334283435909, "Tdot[*,1]": 1.3298493290687905e-33, "Tdot[*,2]": 0.0, "Tdot[*,3]": 0.0, "Tdot[*,4]": 0.0, "Tdot[*,5]": 0.0, "Tdot[*,6]": 0.0, "Tdot[*,7]": 0.0, "Tdot[*,8]": 0.0, "Tdot[*,9]": 0.0, "Tdot[*,10]": 0.0, "Tdot[*,11]": 0.0, "Tdot[*,12]": 0.0, "Tdot[*,13]": 0.0, "Tdot[*,14]": 0.0, "Tdot[*,15]": 0.0, "Tdot[*,16]": 0.0, "Tdot[*,17]": 0.0, "Tdot[*,18]": 0.0, "Tdot[*,19]": 0.0, "Tdot[*,20]": 0.0, "Tdot[*,21]": 0.0, "Tdot[*,22]": 0.0, "Tdot[*,23]": 0.0, "Tdot[*,24]": 0.0, "Tdot[*,25]": 0.0, "Tdot[*,26]": 0.0, "Tdot[*,27]": 0.0, "Tdot[*,28]": 0.0, "Tdot[*,29]": 0.0, "Tdot[*,30]": 0.0, "Tdot[*,31]": 0.0, "Tdot[*,32]": 0.0, "Tdot[*,33]": 0.0, "Tdot[*,34]": 0.0, "Tdot[*,35]": 0.0, "Tdot[*,36]": 0.0, "Tdot[*,37]": 0.0, "Tdot[*,38]": 0.0, "Tdot[*,39]": 0.0, "Tdot[*,40]": 0.0, "Tdot[*,41]": 0.0, "Tdot[*,42]": 1.8549688421499766e-43, "pm[*,1]": 328319.2727599541, "pm[*,2]": 327361.40178663714, "pm[*,3]": 326376.1190778943, "pm[*,4]": 325246.36570286675, "pm[*,5]": 323905.13398537866, "pm[*,6]": 322256.4066356839, "pm[*,7]": 320165.05804257985, "pm[*,8]": 317446.0681908652, "pm[*,9]": 313856.54886538844, "pm[*,10]": 309098.0857558725, "pm[*,11]": 302842.1092240161, "pm[*,12]": 294793.829599959, "pm[*,13]": 284801.8775462097, "pm[*,14]": 272990.8348497347, "pm[*,15]": 259848.54133108607, "pm[*,16]": 246182.807396733, "pm[*,17]": 232924.997537669, "pm[*,18]": 220872.87556901367, "pm[*,19]": 210514.2699711581, "pm[*,20]": 202000.12152895983, "pm[*,21]": 195228.4722663829, "pm[*,22]": 194824.8955916959, "pm[*,23]": 191270.02567161887, "pm[*,24]": 186671.2253598834, "pm[*,25]": 180934.50766811302, "pm[*,26]": 174034.78703243553, "pm[*,27]": 166107.7028868338, "pm[*,28]": 157470.70368748074, "pm[*,29]": 148578.6129467063, "pm[*,30]": 139920.5280185292, "pm[*,31]": 131906.05454460307, "pm[*,32]": 124795.14160484617, "pm[*,33]": 118690.69511489094, "pm[*,34]": 113574.65720903984, "pm[*,35]": 109356.6580042754, "pm[*,36]": 105914.8148409362, "pm[*,37]": 103122.34912958727, "pm[*,38]": 100861.81466625773, "pm[*,39]": 99031.03644266936, "pm[*,40]": 97544.35098384137, "pm[*,41]": 96331.54728361417, "pm[*,42]": 95335.89250416557, "pn[*,1]": 102807.05913891588, "pn[*,2]": 102456.05427282937, "pn[*,3]": 102095.15597195356, "pn[*,4]": 101681.52924578055, "pn[*,5]": 101190.73980278923, "pn[*,6]": 100587.82471103714, "pn[*,7]": 99823.67919271413, "pn[*,8]": 98831.26407848026, "pn[*,9]": 97522.96481883053, "pn[*,10]": 95791.905977763, "pn[*,11]": 93521.88689625797, "pn[*,12]": 90611.45574231535, "pn[*,13]": 87014.17705820601, "pn[*,14]": 82785.76496888473, "pn[*,15]": 78112.44127387628, "pn[*,16]": 73290.284365606, "pn[*,17]": 68650.54192506912, "pn[*,18]": 64467.59282829592, "pn[*,19]": 60900.45939138044, "pn[*,20]": 57988.912838529934, "pn[*,21]": 55686.9859013931, "pn[*,22]": 55550.19094671652, "pn[*,23]": 54347.202736089115, "pn[*,24]": 52796.24339550055, "pn[*,25]": 50870.12057911946, "pn[*,26]": 48566.59128629909, "pn[*,27]": 45938.42915854716, "pn[*,28]": 43098.358940077196, "pn[*,29]": 40201.41143629538, "pn[*,30]": 37408.63856452337, "pn[*,31]": 34849.59046891571, "pn[*,32]": 32601.379959289392, "pn[*,33]": 30689.09883664577, "pn[*,34]": 29099.720584046772,