{"M[*,1]": 106990.31498892786, "M[*,2]": 3417.79697351057, "M[*,3]": 3462.8090241683003, "M[*,4]": 3510.123881775386, "M[*,5]": 3557.57824396713, "M[*,6]": 3602.049939125553, "M[*,7]": 3641.2684609951934, "M[*,8]": 3674.116774241117, "M[*,9]": 3700.502928274775, "M[*,10]": 3721.0149353381607, "M[*,11]": 3736.5663834094375, "M[*,12]": 3748.137666659781, "M[*,13]": 3756.628465997158, "M[*,14]": 3762.7952303888137, "M[*,15]": 3767.2401935980497, "M[*,16]": 3770.425900084727, "M[*,17]": 3772.6990698300324, "M[*,18]": 3774.3152831091406, "M[*,19]": 3775.460752060117, "M[*,20]": 3776.2700419381467, "M[*,21]": 3776.8398355127706, "M[*,22]": 2888.884939236207, "M[*,23]": 2905.406164809581, "M[*,24]": 2927.0701755668147, "M[*,25]": 2955.9145402055765, "M[*,26]": 2993.68684973423, "M[*,27]": 3042.0981855804157, "M[*,28]": 3102.525580788627, "M[*,29]": 3175.627293133679, "M[*,30]": 3260.982350000571, "M[*,31]": 3356.9021810201666, "M[*,32]": 3460.527586169922, "M[*,33]": 3568.210615028979, "M[*,34]": 3676.058982746925, "M[*,35]": 3780.470840140925, "M[*,36]": 3878.5257334423563, "M[*,37]": 3968.1779010277232, "M[*,38]": 4048.26904315198, "M[*,39]": 4118.4157886718785, "M[*,40]": 4178.83411453856, "M[*,41]": 4230.151236616414, "M[*,42]": 4618.351007781473, "x[*,1]": 0.0465351158644448, "x[*,2]": 0.09077961847356394, "x[*,3]": 0.12437276598165123, "x[*,4]": 0.15932459790485, "x[*,5]": 0.19322002741247826, "x[*,6]": 0.22400307322254343, "x[*,7]": 0.2504076738536076, "x[*,8]": 0.2720128941314812, "x[*,9]": 0.2890418633680092, "x[*,10]": 0.30208284910714983, "x[*,11]": 0.3118551331261085, "x[*,12]": 0.3190602200640411, "x[*,13]": 0.3243086799410109, "x[*,14]": 0.3280971558559359, "x[*,15]": 0.3308124695049688, "x[*,16]": 0.3327473166501147, "x[*,17]": 0.33411884577928685, "x[*,18]": 0.3350859749995956, "x[*,19]": 0.33576390472675266, "x[*,20]": 0.3362355870262517, "x[*,21]": 0.3365604709788643, "x[*,22]": 0.35105848951295293, "x[*,23]": 0.36177479993664635, "x[*,24]": 0.37593822091775536, "x[*,25]": 0.3945135395854342, "x[*,26]": 0.41833414322626067, "x[*,27]": 0.448037859274206, "x[*,28]": 0.48385286275664535, "x[*,29]": 0.5253949683136694, "x[*,30]": 0.5715730894284834, "x[*,31]": 0.6206813846975971, "x[*,32]": 0.6706753571907906, "x[*,33]": 0.7195327186130956, "x[*,34]": 0.7655641766511004, "x[*,35]": 0.8075859877479388, "x[*,36]": 0.8449455654311632, "x[*,37]": 0.8774456189991076, "x[*,38]": 0.9052241411499999, "x[*,39]": 0.9286329849417475, "x[*,40]": 0.9481372317942772, "x[*,41]": 0.9642419247213562, "x[*,42]": 0.9774441305497514, "dummy_x[*,1]": 0.0, "dummy_x[*,2]": 0.0, "dummy_x[*,3]": 0.0, "dummy_x[*,4]": 0.0, "dummy_x[*,5]": 0.0, "dummy_x[*,6]": 0.0, "dummy_x[*,7]": 0.0, "dummy_x[*,8]": 0.0, "dummy_x[*,9]": 0.0, "dummy_x[*,10]": 0.0, "dummy_x[*,11]": 0.0, "dummy_x[*,12]": 0.0, "dummy_x[*,13]": 0.0, "dummy_x[*,14]": 0.0, "dummy_x[*,15]": 0.0, "dummy_x[*,16]": 0.0, "dummy_x[*,17]": 0.0, "dummy_x[*,18]": 0.0, "dummy_x[*,19]": 0.0, "dummy_x[*,20]": 0.0, "dummy_x[*,21]": 0.0, "dummy_x[*,22]": 0.0, "dummy_x[*,23]": 0.0, "dummy_x[*,24]": 0.0, "dummy_x[*,25]": 0.0, "dummy_x[*,26]": 0.0, "dummy_x[*,27]": 0.0, "dummy_x[*,28]": 0.0, "dummy_x[*,29]": 0.0, "dummy_x[*,30]": 0.0, "dummy_x[*,31]": 0.0, "dummy_x[*,32]": 0.0, "dummy_x[*,33]": 0.0, "dummy_x[*,34]": 0.0, "dummy_x[*,35]": 0.0, "dummy_x[*,36]": 0.0, "dummy_x[*,37]": 0.0, "dummy_x[*,38]": 0.0, "dummy_x[*,39]": 0.0, "dummy_x[*,40]": 0.0, "dummy_x[*,41]": 0.0, "dummy_x[*,42]": 0.0, "T[*,1]": 368.1641209301469, "T[*,2]": 365.78098255851586, "T[*,3]": 364.0577227202851, "T[*,4]": 362.35254891287076, "T[*,5]": 360.77345355826736, "T[*,6]": 359.3938053951646, "T[*,7]": 358.24387374211705, "T[*,8]": 357.3187513742745, "T[*,9]": 356.5924077419886, "T[*,10]": 356.0303365974314, "T[*,11]": 355.5978804282726, "T[*,12]": 355.2644602051129, "T[*,13]": 355.0050279889476, "T[*,14]": 354.80000009183436, "T[*,15]": 354.6345258483468, "T[*,16]": 354.4975733237967, "T[*,17]": 354.38106229212167, "T[*,18]": 354.27913216925407, "T[*,19]": 354.1875612906511, "T[*,20]": 354.10332319648353, "T[*,21]": 354.02425561824884, "T[*,22]": 353.4541724971204, "T[*,23]": 353.02525191797554, "T[*,24]": 352.4822809321822, "T[*,25]": 351.7986387064112, "T[*,26]": 350.9564283957807, "T[*,27]": 349.94891212150816, "T[*,28]": 348.78650793066646, "T[*,29]": 347.5000000082414, "T[*,30]": 346.1382460101956, "T[*,31]": 344.7599990810877, "T[*,32]": 343.4227318593311, "T[*,33]": 342.17296735356274, "T[*,34]": 341.0412614508361, "T[*,35]": 340.0421162842513, "T[*,36]": 339.177070385259, "T[*,37]": 338.438861723716, "T[*,38]": 337.81524418587765, "T[*,39]": 337.29186613893114, "T[*,40]": 336.8541643159122, "T[*,41]": 336.4884633553657, "T[*,42]": 336.18251865557215, "Tdot[*,1]": 0.0, "Tdot[*,2]": 0.0, "Tdot[*,3]": 0.0, "Tdot[*,4]": 0.0, "Tdot[*,5]": 0.0, "Tdot[*,6]": 0.0, "Tdot[*,7]": 0.0, "Tdot[*,8]": 0.0, "Tdot[*,9]": 0.0, "Tdot[*,10]": 0.0, "Tdot[*,11]": 0.0, "Tdot[*,12]": 0.0, "Tdot[*,13]": 0.0, "Tdot[*,14]": 0.0, "Tdot[*,15]": 0.0, "Tdot[*,16]": 0.0, "Tdot[*,17]": 0.0, "Tdot[*,18]": 0.0, "Tdot[*,19]": 0.0, "Tdot[*,20]": 0.0, "Tdot[*,21]": 0.0, "Tdot[*,22]": 0.0, "Tdot[*,23]": 0.0, "Tdot[*,24]": 0.0, "Tdot[*,25]": 0.0, "Tdot[*,26]": 0.0, "Tdot[*,27]": 0.0, "Tdot[*,28]": 0.0, "Tdot[*,29]": 0.0, "Tdot[*,30]": 0.0, "Tdot[*,31]": 0.0, "Tdot[*,32]": 0.0, "Tdot[*,33]": 0.0, "Tdot[*,34]": 0.0, "Tdot[*,35]": 0.0, "Tdot[*,36]": 0.0, "Tdot[*,37]": 0.0, "Tdot[*,38]": 0.0, "Tdot[*,39]": 0.0, "Tdot[*,40]": 0.0, "Tdot[*,41]": 0.0, "Tdot[*,42]": 0.0, "pm[*,1]": 301891.32867443986, "pm[*,2]": 279213.65868573356, "pm[*,3]": 263698.65130161267, "pm[*,4]": 249047.96112063812, "pm[*,5]": 236081.70562494852, "pm[*,6]": 225211.16578762067, "pm[*,7]": 216467.64625179663, "pm[*,8]": 209637.5918729028, "pm[*,9]": 204400.0950371653, "pm[*,10]": 200421.39257855623, "pm[*,11]": 197403.74332552459, "pm[*,12]": 195102.76971670802, "pm[*,13]": 193327.705568206, "pm[*,14]": 191934.3048916006, "pm[*,15]": 190815.75539701636, "pm[*,16]": 189894.0671891827, "pm[*,17]": 189112.83870332138, "pm[*,18]": 188431.5503231924, "pm[*,19]": 187821.22664685134, "pm[*,20]": 187261.21491615922, "pm[*,21]": 186736.82851118923, "pm[*,22]": 182991.6494176307, "pm[*,23]": 180214.83126574836, "pm[*,24]": 176749.55556380303, "pm[*,25]": 172464.82341685705, "pm[*,26]": 167304.42400446752, "pm[*,27]": 161299.24840898794, "pm[*,28]": 154593.1961891592, "pm[*,29]": 147441.54384551768, "pm[*,30]": 140172.01533344155, "pm[*,31]": 133119.1926079221, "pm[*,32]": 126559.74068641938, "pm[*,33]": 120674.10925280428, "pm[*,34]": 115542.27178939852, "pm[*,35]": 111163.51310111785, "pm[*,36]": 107484.72035835999, "pm[*,37]": 104425.95427819899, "pm[*,38]": 101898.77223420351, "pm[*,39]": 99817.30232684323, "pm[*,40]": 98103.8712780025, "pm[*,41]": 96691.15073006132, "pm[*,42]": 95522.33380457578, "pn[*,1]": 93177.47671662868, "pn[*,2]": 85010.2925125132, "pn[*,3]": 79477.96350807555, "pn[*,4]": 74298.03890986468, "pn[*,5]": 69751.71456856909, "pn[*,6]": 65969.34211083836, "pn[*,7]": 62947.336294244524, "pn[*,8]": 60599.79848580608, "pn[*,9]": 58807.704003395294, "pn[*,10]": 57451.138228301046, "pn[*,11]": 56425.08026255765, "pn[*,12]": 55644.373372703725, "pn[*,13]": 55043.10312570503, "pn[*,14]": 54571.72978719817, "pn[*,15]": 54193.73058226198, "pn[*,16]": 53882.52395557645, "pn[*,17]": 53618.93242373909, "pn[*,18]": 53389.20357296738, "pn[*,19]": 53183.51682763119, "pn[*,20]": 52994.880092806874, "pn[*,21]": 52818.325581046854, "pn[*,22]": 51559.69747851502, "pn[*,23]": 50629.17520337627, "pn[*,24]": 49471.202320293334, "pn[*,25]": 48044.49638712195, "pn[*,26]": 46333.899114541935, "pn[*,27]": 44354.18343748479, "pn[*,28]": 42157.82262668305, "pn[*,29]": 39833.02637141056, "pn[*,30]": 37489.35407213864, "pn[*,31]": 35235.27362777474, "pn[*,32]": 33157.25363281707, "pn[*,33]": 31308.57210756996, "pn[*,34]": 29709.520198992002, "pn[*,35]": 28355.026782330227, "pn[*,36]": 27224.38860477103,