{"M[*,1]": 105564.34725333597, "M[*,2]": 3378.887033866696, "M[*,3]": 3405.4075029646847, "M[*,4]": 3437.531158858605, "M[*,5]": 3475.2962263117392, "M[*,6]": 3517.1478512044487, "M[*,7]": 3560.709079871616, "M[*,8]": 3603.3035043332407, "M[*,9]": 3642.58273271766, "M[*,10]": 3676.9691607309537, "M[*,11]": 3705.7746448680414, "M[*,12]": 3729.0532327247734, "M[*,13]": 3747.3378392413115, "M[*,14]": 3761.3872409397823, "M[*,15]": 3772.0031659809392, "M[*,16]": 3779.9242722564513, "M[*,17]": 3785.779203536535, "M[*,18]": 3790.076547065073, "M[*,19]": 3793.2140166863232, "M[*,20]": 3795.495423967442, "M[*,21]": 3797.149070761622, "M[*,22]": 2924.2196341583935, "M[*,23]": 2944.0667564412506, "M[*,24]": 2969.902133250266, "M[*,25]": 3003.953483096923, "M[*,26]": 3047.9744058949705, "M[*,27]": 3103.5066767935145, "M[*,28]": 3171.527590543351, "M[*,29]": 3252.065478755699, "M[*,30]": 3343.9287374677733, "M[*,31]": 3444.685562935982, "M[*,32]": 3550.943786660547, "M[*,33]": 3658.850780287551, "M[*,34]": 3764.6496230007074, "M[*,35]": 3865.1348899427867, "M[*,36]": 3957.9222574858845, "M[*,37]": 4041.525115431481, "M[*,38]": 4115.28284889293, "M[*,39]": 4179.203146153595, "M[*,40]": 4233.774545905904, "M[*,41]": 4279.788459368103, "M[*,42]": 4664.057933121294, "x[*,1]": 0.021736899588394174, "x[*,2]": 0.044891525733410875, "x[*,3]": 0.06575794642112005, "x[*,4]": 0.09099169146988666, "x[*,5]": 0.11985400383060334, "x[*,6]": 0.1508969215720343, "x[*,7]": 0.18222927512892642, "x[*,8]": 0.21196472795363355, "x[*,9]": 0.23864219104847012, "x[*,10]": 0.2614397072378874, "x[*,11]": 0.28015237472986315, "x[*,12]": 0.29502510278000893, "x[*,13]": 0.30655265530519304, "x[*,14]": 0.3153171617456721, "x[*,15]": 0.32188434311982816, "x[*,16]": 0.32675098096580846, "x[*,17]": 0.33032707510783116, "x[*,18]": 0.3329375271055485, "x[*,19]": 0.33483279107677005, "x[*,20]": 0.3362022669773016, "x[*,21]": 0.33718726495479256, "x[*,22]": 0.35427403062535456, "x[*,23]": 0.3670512541353896, "x[*,24]": 0.3837677222598628, "x[*,25]": 0.4053993062659452, "x[*,26]": 0.4326817462396696, "x[*,27]": 0.46602779459840604, "x[*,28]": 0.5053124358388847, "x[*,29]": 0.5497251717798678, "x[*,30]": 0.5977836528405789, "x[*,31]": 0.6475434496039879, "x[*,32]": 0.6969396782112445, "x[*,33]": 0.7441301034130816, "x[*,34]": 0.7877263147818577, "x[*,35]": 0.8268736306518462, "x[*,36]": 0.8612086840418404, "x[*,37]": 0.890751316142393, "x[*,38]": 0.9157806462968054, "x[*,39]": 0.9367252582651262, "x[*,40]": 0.9540793693649935, "x[*,41]": 0.9683456188361137, "x[*,42]": 0.98, "dummy_x[*,1]": 0.0, "dummy_x[*,2]": 0.0, "dummy_x[*,3]": 0.0, "dummy_x[*,4]": 0.0, "dummy_x[*,5]": 0.0, "dummy_x[*,6]": 0.0, "dummy_x[*,7]": 0.0, "dummy_x[*,8]": 0.0, "dummy_x[*,9]": 0.0, "dummy_x[*,10]": 0.0, "dummy_x[*,11]": 0.0, "dummy_x[*,12]": 0.0, "dummy_x[*,13]": 0.0, "dummy_x[*,14]": 0.0, "dummy_x[*,15]": 0.0, "dummy_x[*,16]": 0.0, "dummy_x[*,17]": 0.0, "dummy_x[*,18]": 0.0, "dummy_x[*,19]": 0.0, "dummy_x[*,20]": 0.0, "dummy_x[*,21]": 0.0, "dummy_x[*,22]": 0.0, "dummy_x[*,23]": 0.0, "dummy_x[*,24]": 0.0, "dummy_x[*,25]": 0.0, "dummy_x[*,26]": 0.0, "dummy_x[*,27]": 0.0, "dummy_x[*,28]": 0.0, "dummy_x[*,29]": 0.0, "dummy_x[*,30]": 0.0, "dummy_x[*,31]": 0.0, "dummy_x[*,32]": 0.0, "dummy_x[*,33]": 0.0, "dummy_x[*,34]": 0.0, "dummy_x[*,35]": 0.0, "dummy_x[*,36]": 0.0, "dummy_x[*,37]": 0.0, "dummy_x[*,38]": 0.0, "dummy_x[*,39]": 0.0, "dummy_x[*,40]": 0.0, "dummy_x[*,41]": 0.0, "dummy_x[*,42]": 0.0, "T[*,1]": 369.5361075160417, "T[*,2]": 368.18835235317385, "T[*,3]": 367.00706016477307, "T[*,4]": 365.6396626467099, "T[*,5]": 364.14504124633436, "T[*,6]": 362.60921583235256, "T[*,7]": 361.12498702600277, "T[*,8]": 359.76955681495576, "T[*,9]": 358.59055518116656, "T[*,10]": 357.6043771652571, "T[*,11]": 356.8033224685949, "T[*,12]": 356.1655560063998, "T[*,13]": 355.6636668897946, "T[*,14]": 355.2703116958718, "T[*,15]": 354.96116546832405, "T[*,16]": 354.7160095659998, "T[*,17]": 354.51875579278067, "T[*,18]": 354.3569713689763, "T[*,19]": 354.2212394535237, "T[*,20]": 354.1045269007866, "T[*,21]": 354.0016326430888, "T[*,22]": 353.3403438258248, "T[*,23]": 352.8411186130687, "T[*,24]": 352.21407813201216, "T[*,25]": 351.4345137415401, "T[*,26]": 350.4905451882779, "T[*,27]": 349.38529930065846, "T[*,28]": 348.14152119045593, "T[*,29]": 346.80164521953606, "T[*,30]": 345.4217631567776, "T[*,31]": 344.0611359114728, "T[*,32]": 342.77144771904045, "T[*,33]": 341.58977932118256, "T[*,34]": 340.53671529560614, "T[*,35]": 339.6184396583177, "T[*,36]": 338.83068396453154, "T[*,37]": 338.16278489452117, "T[*,38]": 337.6009567027115, "T[*,39]": 337.1305572067644, "T[*,40]": 336.73747270159294, "T[*,41]": 336.408854542155, "T[*,42]": 336.1334283368194, "Tdot[*,1]": 0.0, "Tdot[*,2]": 0.0, "Tdot[*,3]": 0.0, "Tdot[*,4]": 0.0, "Tdot[*,5]": 0.0, "Tdot[*,6]": 0.0, "Tdot[*,7]": 0.0, "Tdot[*,8]": 0.0, "Tdot[*,9]": 0.0, "Tdot[*,10]": 0.0, "Tdot[*,11]": 0.0, "Tdot[*,12]": 0.0, "Tdot[*,13]": 0.0, "Tdot[*,14]": 0.0, "Tdot[*,15]": 0.0, "Tdot[*,16]": 0.0, "Tdot[*,17]": 0.0, "Tdot[*,18]": 0.0, "Tdot[*,19]": 0.0, "Tdot[*,20]": 0.0, "Tdot[*,21]": 0.0, "Tdot[*,22]": 0.0, "Tdot[*,23]": 0.0, "Tdot[*,24]": 0.0, "Tdot[*,25]": 0.0, "Tdot[*,26]": 0.0, "Tdot[*,27]": 0.0, "Tdot[*,28]": 0.0, "Tdot[*,29]": 0.0, "Tdot[*,30]": 0.0, "Tdot[*,31]": 0.0, "Tdot[*,32]": 0.0, "Tdot[*,33]": 0.0, "Tdot[*,34]": 0.0, "Tdot[*,35]": 0.0, "Tdot[*,36]": 0.0, "Tdot[*,37]": 0.0, "Tdot[*,38]": 0.0, "Tdot[*,39]": 0.0, "Tdot[*,40]": 0.0, "Tdot[*,41]": 0.0, "Tdot[*,42]": 0.0, "pm[*,1]": 315614.11519003246, "pm[*,2]": 302129.39795879123, "pm[*,3]": 290700.2527646878, "pm[*,4]": 277913.8824043723, "pm[*,5]": 264467.4541917569, "pm[*,6]": 251209.572099313, "pm[*,7]": 238919.20582212257, "pm[*,8]": 228130.23168830175, "pm[*,9]": 219073.76169668583, "pm[*,10]": 211727.15513289042, "pm[*,11]": 205909.741750666, "pm[*,12]": 201372.6934950201, "pm[*,13]": 197860.3704615767, "pm[*,14]": 195142.9604075905, "pm[*,15]": 193028.91127793907, "pm[*,16]": 191365.88491538583, "pm[*,17]": 190036.38471905194, "pm[*,18]": 188951.63517670034, "pm[*,19]": 188045.50342616063, "pm[*,20]": 187269.20740126967, "pm[*,21]": 186587.01275996817, "pm[*,22]": 182251.31278627488, "pm[*,23]": 179033.46130509948, "pm[*,24]": 175058.25016890565, "pm[*,25]": 170217.87386978394, "pm[*,26]": 164505.05234844054, "pm[*,27]": 158018.3101208956, "pm[*,28]": 150972.7259909637, "pm[*,29]": 143675.48301512367, "pm[*,30]": 136467.96569217122, "pm[*,31]": 129656.91435799738, "pm[*,32]": 123463.57332672656, "pm[*,33]": 118006.45631958276, "pm[*,34]": 113313.52386915007, "pm[*,35]": 109348.87251393982, "pm[*,36]": 106040.31737583608, "pm[*,37]": 103300.8058476079, "pm[*,38]": 101042.22609258728, "pm[*,39]": 99182.96404032611, "pm[*,40]": 97651.22998045741, "pm[*,41]": 96385.87591958036, "pm[*,42]": 95335.89247846894, "pn[*,1]": 98163.29331958837, "pn[*,2]": 93263.70015208336, "pn[*,3]": 89135.51689852569, "pn[*,4]": 84545.04214745255, "pn[*,5]": 79750.99249184303, "pn[*,6]": 75059.49574318087, "pn[*,7]": 70743.45479630188, "pn[*,8]": 66982.32855125803, "pn[*,9]": 63846.14032449901, "pn[*,10]": 61316.74690820787, "pn[*,11]": 59323.522603151745, "pn[*,12]": 57775.10740475978, "pn[*,13]": 56580.18356476995, "pn[*,14]": 55657.99733901775, "pn[*,15]": 54941.978277827286, "pn[*,16]": 54379.59558118322, "pn[*,17]": 53930.56151628711, "pn[*,18]": 53564.562981154675, "pn[*,19]": 53259.08848653274, "pn[*,20]": 52997.57167963648, "pn[*,21]": 52767.899049187465, "pn[*,22]": 51311.38347205081, "pn[*,23]": 50233.99399003573, "pn[*,24]": 48907.36035510144, "pn[*,25]": 47298.619587053945, "pn[*,26]": 45409.55013147132, "pn[*,27]": 43277.674744909236, "pn[*,28]": 40978.60054082007, "pn[*,29]": 38616.350124850775, "pn[*,30]": 36303.05201649005, "pn[*,31]": 34136.16344509761, "pn[*,32]": 32182.82379327519, "pn[*,33]": 30475.8143084201, "pn[*,34]": 29018.931014826885, "pn[*,35]": 27796.463328098027, "pn[*,36]": 26782.351559356088,