{"M[*,1]": 104369.35118500951, "M[*,2]": 3376.7357160934903, "M[*,3]": 3377.7409779312343, "M[*,4]": 3379.183015627018, "M[*,5]": 3381.290623856692, "M[*,6]": 3384.360636215367, "M[*,7]": 3388.8098327536613, "M[*,8]": 3395.2096727944654, "M[*,9]": 3404.3161437315753, "M[*,10]": 3417.0760033844313, "M[*,11]": 3434.576409989529, "M[*,12]": 3457.8938785208293, "M[*,13]": 3487.8102627761405, "M[*,14]": 3524.425350158532, "M[*,15]": 3566.80837275275, "M[*,16]": 3612.9165543496947, "M[*,17]": 3659.936003998705, "M[*,18]": 3704.9498542991455, "M[*,19]": 3745.61353186004, "M[*,20]": 3780.536625774227, "M[*,21]": 3809.293352791645, "M[*,22]": 2949.650326860503, "M[*,23]": 2968.1951387432296, "M[*,24]": 2994.1051148378147, "M[*,25]": 3028.9916052955505, "M[*,26]": 3074.9696067955756, "M[*,27]": 3133.959059468097, "M[*,28]": 3207.203849873059, "M[*,29]": 3294.7534905268176, "M[*,30]": 3395.105062556929, "M[*,31]": 3505.2063804859577, "M[*,32]": 3620.875567357195, "M[*,33]": 3737.492647725389, "M[*,34]": 3850.7144357536204, "M[*,35]": 3957.006885215267, "M[*,36]": 4053.909572090229, "M[*,37]": 4140.055047961353, "M[*,38]": 4215.021531834867, "M[*,39]": 4279.105670217735, "M[*,40]": 4333.083548714586, "M[*,41]": 4378.00143820213, "M[*,42]": 4760.880293505445, "x[*,1]": 0.0006347427746240742, "x[*,2]": 0.0014006370659084622, "x[*,3]": 0.002233295402650363, "x[*,4]": 0.0034523094907528674, "x[*,5]": 0.005231787761815367, "x[*,6]": 0.007818292582398564, "x[*,7]": 0.011554298943218739, "x[*,8]": 0.016901894076671743, "x[*,9]": 0.024457739626972026, "x[*,10]": 0.03494156685432122, "x[*,11]": 0.049130552703596585, "x[*,12]": 0.06770957309006315, "x[*,13]": 0.09102997882138203, "x[*,14]": 0.11883203126593442, "x[*,15]": 0.1500674787426011, "x[*,16]": 0.18297881843383967, "x[*,17]": 0.21547433170433059, "x[*,18]": 0.24564113552587638, "x[*,19]": 0.27214528331952553, "x[*,20]": 0.2943682117018808, "x[*,21]": 0.3123062716401979, "x[*,22]": 0.3165586503719851, "x[*,23]": 0.3292262287136647, "x[*,24]": 0.34643604926277055, "x[*,25]": 0.36916875055616805, "x[*,26]": 0.3983679746761501, "x[*,27]": 0.4345984560580662, "x[*,28]": 0.4777451078309128, "x[*,29]": 0.5268049628680718, "x[*,30]": 0.5799125490815722, "x[*,31]": 0.6346468094587678, "x[*,32]": 0.6885087091133919, "x[*,33]": 0.7393672971813059, "x[*,34]": 0.7857215516864259, "x[*,35]": 0.8267498570964529, "x[*,36]": 0.8622113156750826, "x[*,37]": 0.8922847299050994, "x[*,38]": 0.9174079734470735, "x[*,39]": 0.9381483477195521, "x[*,40]": 0.9551113267238481, "x[*,41]": 0.96888329808989, "x[*,42]": 0.98, "dummy_x[*,1]": 0.0, "dummy_x[*,2]": 0.0, "dummy_x[*,3]": 0.0, "dummy_x[*,4]": 0.0, "dummy_x[*,5]": 0.0, "dummy_x[*,6]": 0.0, "dummy_x[*,7]": 0.0, "dummy_x[*,8]": 0.0, "dummy_x[*,9]": 0.0, "dummy_x[*,10]": 0.0, "dummy_x[*,11]": 0.0, "dummy_x[*,12]": 0.0, "dummy_x[*,13]": 0.0, "dummy_x[*,14]": 0.0, "dummy_x[*,15]": 0.0, "dummy_x[*,16]": 0.0, "dummy_x[*,17]": 0.0, "dummy_x[*,18]": 0.0, "dummy_x[*,19]": 0.0, "dummy_x[*,20]": 0.0, "dummy_x[*,21]": 0.0, "dummy_x[*,22]": 0.0, "dummy_x[*,23]": 0.0, "dummy_x[*,24]": 0.0, "dummy_x[*,25]": 0.0, "dummy_x[*,26]": 0.0, "dummy_x[*,27]": 0.0, "dummy_x[*,28]": 0.0, "dummy_x[*,29]": 0.0, "dummy_x[*,30]": 0.0, "dummy_x[*,31]": 0.0, "dummy_x[*,32]": 0.0, "dummy_x[*,33]": 0.0, "dummy_x[*,34]": 0.0, "dummy_x[*,35]": 0.0, "dummy_x[*,36]": 0.0, "dummy_x[*,37]": 0.0, "dummy_x[*,38]": 0.0, "dummy_x[*,39]": 0.0, "dummy_x[*,40]": 0.0, "dummy_x[*,41]": 0.0, "dummy_x[*,42]": 0.0, "T[*,1]": 370.7480572911601, "T[*,2]": 370.63844342569166, "T[*,3]": 370.52485911285913, "T[*,4]": 370.38872059536476, "T[*,5]": 370.2200573431635, "T[*,6]": 370.0049033859501, "T[*,7]": 369.72417661024303, "T[*,8]": 369.35276691118185, "T[*,9]": 368.85949011014026, "T[*,10]": 368.2090420479454, "T[*,11]": 367.36742172184137, "T[*,12]": 366.3117922804142, "T[*,13]": 365.0434915267679, "T[*,14]": 363.5989790159434, "T[*,15]": 362.0508184560681, "T[*,16]": 360.493997014112, "T[*,17]": 359.02215900328173, "T[*,18]": 357.70571644427076, "T[*,19]": 356.58164435331537, "T[*,20]": 355.65596404774874, "T[*,21]": 354.91331927285927, "T[*,22]": 354.7041749548214, "T[*,23]": 354.1876202044513, "T[*,24]": 353.5158498574292, "T[*,25]": 352.66476545400633, "T[*,26]": 351.61774014837306, "T[*,27]": 350.3774695064799, "T[*,28]": 348.97286060174986, "T[*,29]": 347.4590376528402, "T[*,30]": 345.9082067895309, "T[*,31]": 344.3943689396934, "T[*,32]": 342.97875328636985, "T[*,33]": 341.7016809115807, "T[*,34]": 340.5819490812866, "T[*,35]": 339.62113605511234, "T[*,36]": 338.8094842674821, "T[*,37]": 338.13116351030857, "T[*,38]": 337.56808714029034, "T[*,39]": 337.1022981671161, "T[*,40]": 336.71726330769917, "T[*,41]": 336.398443018607, "T[*,42]": 336.13342815414245, "Tdot[*,1]": 0.0, "Tdot[*,2]": 0.0, "Tdot[*,3]": 0.0, "Tdot[*,4]": 0.0, "Tdot[*,5]": 0.0, "Tdot[*,6]": 0.0, "Tdot[*,7]": 0.0, "Tdot[*,8]": 0.0, "Tdot[*,9]": 0.0, "Tdot[*,10]": 0.0, "Tdot[*,11]": 0.0, "Tdot[*,12]": 0.0, "Tdot[*,13]": 0.0, "Tdot[*,14]": 0.0, "Tdot[*,15]": 0.0, "Tdot[*,16]": 0.0, "Tdot[*,17]": 0.0, "Tdot[*,18]": 0.0, "Tdot[*,19]": 0.0, "Tdot[*,20]": 0.0, "Tdot[*,21]": 0.0, "Tdot[*,22]": 0.0, "Tdot[*,23]": 0.0, "Tdot[*,24]": 0.0, "Tdot[*,25]": 0.0, "Tdot[*,26]": 0.0, "Tdot[*,27]": 0.0, "Tdot[*,28]": 0.0, "Tdot[*,29]": 0.0, "Tdot[*,30]": 0.0, "Tdot[*,31]": 0.0, "Tdot[*,32]": 0.0, "Tdot[*,33]": 0.0, "Tdot[*,34]": 0.0, "Tdot[*,35]": 0.0, "Tdot[*,36]": 0.0, "Tdot[*,37]": 0.0, "Tdot[*,38]": 0.0, "Tdot[*,39]": 0.0, "Tdot[*,40]": 0.0, "Tdot[*,41]": 0.0, "Tdot[*,42]": 0.0, "pm[*,1]": 328155.1949254202, "pm[*,2]": 327004.4964897975, "pm[*,3]": 325815.5867529151, "pm[*,4]": 324395.2393292422, "pm[*,5]": 322642.55785080977, "pm[*,6]": 320417.9696245321, "pm[*,7]": 317534.1989043122, "pm[*,8]": 313751.42725967604, "pm[*,9]": 308784.3269488707, "pm[*,10]": 302332.7916167604, "pm[*,11]": 294148.72356577765, "pm[*,12]": 284140.1804820875, "pm[*,13]": 272484.9672057955, "pm[*,14]": 259689.5823830433, "pm[*,15]": 246526.33816753613, "pm[*,16]": 233845.76099828733, "pm[*,17]": 222354.2146240019, "pm[*,18]": 212472.6271190446, "pm[*,19]": 204323.29957114355, "pm[*,20]": 197806.85976957745, "pm[*,21]": 192703.41353060753, "pm[*,22]": 191285.90371558338, "pm[*,23]": 187821.61878571162, "pm[*,24]": 183393.83021721223, "pm[*,25]": 177907.99968260239, "pm[*,26]": 171345.49236841392, "pm[*,27]": 163831.4748454368, "pm[*,28]": 155652.49977940676, "pm[*,29]": 147218.41219277206, "pm[*,30]": 138973.80274474574, "pm[*,31]": 131298.37032303595, "pm[*,32]": 124442.19571581672, "pm[*,33]": 118514.48969693974, "pm[*,34]": 113511.86698615896, "pm[*,35]": 109360.34300984646, "pm[*,36]": 105952.44347253484, "pm[*,37]": 103172.57983259545, "pm[*,38]": 100911.37239830785, "pm[*,39]": 99072.18338210418, "pm[*,40]": 97573.01574918759, "pm[*,41]": 96346.01045578196, "pm[*,42]": 95335.89178524044, "pn[*,1]": 102746.92372851726, "pn[*,2]": 102325.30599785867, "pn[*,3]": 101889.90781068295, "pn[*,4]": 101370.04801535008, "pn[*,5]": 100728.99533947233, "pn[*,6]": 99916.05148903662, "pn[*,7]": 98863.412362143, "pn[*,8]": 97484.68238583575, "pn[*,9]": 95677.89845916482, "pn[*,10]": 93337.37259396822, "pn[*,11]": 90378.66436712562, "pn[*,12]": 86776.59594764853, "pn[*,13]": 82605.2537010532, "pn[*,14]": 78056.12762528654, "pn[*,15]": 73411.02078932691, "pn[*,16]": 68971.50309952901, "pn[*,17]": 64979.8677881363, "pn[*,18]": 61572.7935253885, "pn[*,19]": 58781.48038190569, "pn[*,20]": 56562.00455980952, "pn[*,21]": 54831.844224974644, "pn[*,22]": 54352.56808038871, "pn[*,23]": 53183.64894899297, "pn[*,24]": 51694.659661492726, "pn[*,25]": 49857.90743714093, "pn[*,26]": 47672.73354484146, "pn[*,27]": 45187.52071374096, "pn[*,28]": 42503.72766551196, "pn[*,29]": 39760.79281246699, "pn[*,30]": 37105.0069709453, "pn[*,31]": 34656.62409733488, "pn[*,32]": 32490.360933240696, "pn[*,33]": 30634.152927102532, "pn[*,34]": 29080.291489199033, "pn[*,35]": 27799.988870841815, "pn[*,36]": 26755.493984270855,