{"for_dummy_x": [-0.02112450465978583, -0.022044399986606993, -0.022763679422952092, -0.02335265904454209, -0.02386149047242852, -0.024328070905258598, -0.02478343977923278, -0.0252559946575737, -0.025775114772834604, -0.026374682314898402, -0.02709695384015843, -0.027997250888880616, -0.02915001161591085, -0.030656881373592557, -0.03265773376558769, -0.035345827166111246, -0.038988748525079435, -0.043957424640180105, -0.0507663592400509, -0.060129486473581885, -0.07303941231430557, -0.09344582015498995, -0.108546759539108, -0.11987225606617168, -0.12850194889471137, -0.13521080309613798, -0.14055685846805296, -0.14494421292575357, -0.1486684768587417, -0.15194968065235034, -0.15495622469595013, -0.15782249300773468, -0.16066206405910027, -0.16357795190151692, -0.16667094989648448, -0.17004690059965252, -0.17382355295638363, -0.178137569220468, -0.18315219384648782, -0.18906608724698046, -0.196123855462705, -0.2388704713794627], "lTdot": [18.96291045562143, 0.5974236810990468, 0.5934157208767742, 0.5885783803792861, 0.5831921856203746, 0.5775043574073888, 0.5717701769287823, 0.5661816809838595, 0.5608164511881749, 0.5556192460925458, 0.5504075530972335, 0.5448829301834615, 0.5386328850988635, 0.5311146911571628, 0.5216170137536593, 0.5091961390927658, 0.4925818232780275, 0.4700443282303364, 0.4392095005982192, 0.3968025851905975, 0.33828577065937976, 0.19125704712776645, 0.14301476692132453, 0.10788381924064837, 0.08215954197791402, 0.06318017096409552, 0.04904397807638492, 0.038393211713505015, 0.030259048417736824, 0.023950648069699532, 0.018975984270327064, 0.01498547113191348, 0.01173186770785012, 0.009041814516525859, 0.006795742608459726, 0.004913861412101142, 0.0033465883342335048, 0.002068245038652286, 0.0010731881425855966, 0.0003738045725143897, 4.4712677026209715e-09, 6.736567847870792e-10], "gy": [-0.045024356653106404, -0.03808394056633203, -0.03420348365754956, -0.03275870011056431, -0.03346239762464023, -0.0363083416926197, -0.04155305656998262, -0.04973155807042563, -0.061707211065318145, -0.07875993586511396, -0.10272141052540723, -0.136171252249154, -0.18271498967171432, -0.2473736928350659, -0.33712739377089, -0.4616712526687968, -0.6344666504963556, -0.8742015629522487, -1.2068182155958078, -1.6681304215087813, -1.2550007930817186, -0.9613526010723299, -0.753189310567522, -0.6068697051591008, -0.5056880792893989, -0.43795141466419296, -0.3956164265735013, -0.3733249188187373, -0.3677295401570431, -0.37703402187009605, -0.4006942303167419, -0.4392425159095222, -0.49421022959873884, -0.5681329143699093, -0.6646301319465453, -0.7885578813208134, -0.9462368591598942, -1.145764957236144, -1.3974277573716494, -1.7142266731772016], "de_x": [-440.4722178727374, -19.37027000386675, -23.839883510587747, -28.231424303194977, -32.61764638763445, -36.983859528679474, -41.28221928886262, -45.48215585470057, -49.606951686557785, -53.752164607583346, -58.091818891995885, -62.88240730648233, -68.47344044702453, -75.33038136968949, -84.07399112318762, -95.54012470721437, -110.86560839948497, -131.60864675993795, -159.91616850380552, -198.7558951703172, -252.24508288861728, -259.1959067725823, -309.12508124322846, -348.19588349729315, -380.12421775168485, -407.64398729772716, -432.79173607308593, -457.0493024390233, -481.4237711200659, -506.5023269125961, -532.5161769766034, -559.4324584515116, -587.070655822525, -615.2238302857958, -643.7630237626028, -672.7123570043096, -702.2941197207479, -732.9515098975685, -765.360091620209, -800.4387259179337, -839.3686129230988, -1114.1057169816206], "de_M": [-1.0314775653517032e-10, -9.242535274075469e-05, -0.0002062559433524155, -0.00037937627554905, -0.0006147513819234233, -0.0009053100521737102, -0.0012336000489781935, -0.0015758093722458906, -0.0019082313789952443, -0.00221271628183766, -0.0024789758076549247, -0.0027039395138012813, -0.0028896121632103248, -0.003040774965599732, -0.0031632188883859574, -0.00326264988696297, -0.003344139674187378, -0.0034119340227783137, -0.0034694609768622115, -0.003519433376787513, -0.0035639846438802227, -0.004695675070586761, -0.005825345361737467, -0.007578661861286188, -0.010113630493651424, -0.013565402768621672, -0.018025014353291402, -0.023503440348594043, -0.029903978392693573, -0.0370186132540831, -0.044555883183357105, -0.0521922006080751, -0.05962685912273862, -0.06662197410756197, -0.0730194564717017, -0.07873814628239738, -0.08375935620184412, -0.08810866424092383, -0.0918389800969337, -0.09501712162579223, -0.09771429937137212, -0.09999999998922474]}