{"de_x": [-67949.09907620824, -2616.0928527756964, -2891.2351669057407, -3077.4955331374977, -3204.197125955586, -3291.176637954553, -3351.9388821444354, -3395.7912151018654, -3429.298351786032, -3457.2745624099216, -3483.4462664786115, -3510.8518335287185, -3541.9948301890468, -3578.747187863996, -3622.0421866725446, -3671.518931720591, -3725.405001711067, -3780.879585752181, -3834.868972184093, -3884.910581316158, -3929.6998807287696, -3054.1720927680535, -3077.4486401281706, -3107.5758230977262, -3146.4056522172705, -3196.5592366924056, -3260.3898911802266, -3339.453979124509, -3433.928096798936, -3542.2069603532505, -3660.9243082285816, -3785.4580033791985, -3910.738090293363, -4032.0601148532946, -4145.670021991518, -4249.0354866690095, -4340.842328117766, -4420.812605724351, -4489.4444289588755, -4547.7486127826405, -4596.490853099973, -5018.3730689785325], "de_M": [-1.0550601520587486e-10, -0.0002930721617781227, -0.0006761543704365862, -0.001303442022224923, -0.002290976001045409, -0.0038075808156284464, -0.00609607116168728, -0.009499695775750765, -0.0144911852859046, -0.02169625799560817, -0.03189374405306453, -0.045961643867747745, -0.06473054516770081, -0.08872285412326333, -0.11782201538377221, -0.15101967234512909, -0.1864416347076707, -0.22174050148371685, -0.25469742900147807, -0.2837248811117349, -0.30806030410802443, -0.3082643050843909, -0.3212825085800129, -0.3392326090397823, -0.3631591180629892, -0.39413694502635843, -0.43282667134105757, -0.4791219809509487, -0.5319036509974495, -0.5890701683289191, -0.647901895199389, -0.7056198722049363, -0.7598939574749424, -0.8091248918447358, -0.85247908868565, -0.8897603310723067, -0.9212201878058115, -0.9473767935728373, -0.9688731270785618, -0.9863801100492693, -1.0005377287255623, -1.0071536122915958], "for_dummy_x": [-0.6511382087516341, -0.7711510846911388, -0.8520801679294355, -0.9067117515211888, -0.943650961331605, -0.9686889896047068, -0.9857228641680719, -0.9973748056335258, -1.005409265580046, -1.0110137405645394, -1.014987897534999, -1.01787102446549, -1.0200280416308667, -1.0217077255918536, -1.0230823652597019, -1.0242750880075409, -1.0253791042999616, -1.0264718219203643, -1.0276259676848756, -1.0289193769253078, -1.030445876864286, -1.0324807635378546, -1.033944968837301, -1.0350104190941516, -1.0357989174476179, -1.036395424978749, -1.0368593483712343, -1.0372324590852038, -1.0375444446942683, -1.0378168095580127, -1.0380656284050636, -1.0383035118061659, -1.0385410411360578, -1.038787857444441, -1.0390535374804786, -1.039348356559111, -1.0396840170842216, -1.0400744093819632, -1.0405364658342913, -1.041091155399896, -1.0416434712943314, -1.0472524198856241], "hrc": [0.0047690748135405], "lTdot": [-2.4106800542885165e-08, -0.0006547866134701679, -0.0015834307797884847, -0.0026973139506008743, -0.003937168937389286, -0.005263628690327347, -0.00665092692062009, -0.008082748610479038, -0.009549594892468554, -0.011047294525168939, -0.012576529211445437, -0.01414346762848028, -0.01576179906065932, -0.01745650961637716, -0.01926950165284464, -0.02126668274661825, -0.02354598031597515, -0.0262465242556797, -0.02956080666581958, -0.033752926894308935, -0.03919018630385741, -0.037086475246966365, -0.04171398123926945, -0.04491761411354446, -0.04710690399405494, -0.04857006951074339, -0.04951019607409259, -0.050074495207657, -0.050373792328379366, -0.050493916292130216, -0.05050128147264024, -0.050445485497216606, -0.05036125896814569, -0.05027083360265557, -0.05018670133210945, -0.05011431420466798, -0.05005434867657707, -0.050004379954915724, -0.04995998437366275, -0.04991536690756363, -0.04985809099691109, 5.898503409014539e-10], "gy": [-5.337383320351833, -3.604162709939888, -2.4386140578687283, -1.654946830356469, -1.128157095485525, -0.7741577879422451, -0.5364036368585675, -0.37689059369590977, -0.27010194615316846, -0.19893986501778768, -0.15199551711558923, -0.12172273492331873, -0.10322312774883066, -0.09344727646681462, -0.09068283336998367, -0.09424632251842643, -0.10432781394968967, -0.12196082128786916, -0.14910666585109347, -0.18872067605271914, -0.13785915472515242, -0.10256284334269945, -0.0782218915743422, -0.06157972553605311, -0.05039665933830426, -0.043148449901897326, -0.03881673326345428, -0.0367447123314656, -0.03653914373678991, -0.03800559247758068, -0.041107918676696845, -0.045945834228210865, -0.05274656502632213, -0.0618683089063084, -0.07381440082948114, -0.08925806026777126, -0.10907845624753043, -0.1344096779950138, -0.16670609714432477, -0.21658227847222647]}