{"lamb[0]": -1779.3662471482487, "lamb[1]": -1.0, "lamb[2]": -85.45741126208335, "lamb[3]": -1.0003362756737983, "lamb[4]": -109.32322364068243, "lamb[5]": -1.000800075639872, "lamb[6]": -132.359940951897, "lamb[7]": -1.0015499781466917, "lamb[8]": -155.17010288298852, "lamb[9]": -1.0026125774357197, "lamb[10]": -177.84990110485586, "lamb[11]": -1.0039688023034279, "lamb[12]": -200.25001255834334, "lamb[13]": -1.0055464812002504, "lamb[14]": -222.2376079217234, "lamb[15]": -1.0072342690540328, "lamb[16]": -243.90530561869875, "lamb[17]": -1.008911602371288, "lamb[18]": -265.6922123314981, "lamb[19]": -1.0104784581876387, "lamb[20]": -288.4350706167003, "lamb[21]": -1.0118716096843772, "lamb[22]": -313.39668047243197, "lamb[23]": -1.0130652622095662, "lamb[24]": -342.3183640512448, "lamb[25]": -1.014062082903504, "lamb[26]": -377.53010430386274, "lamb[27]": -1.0148817571399527, "lamb[28]": -422.1415398130943, "lamb[29]": -1.0155514124524103, "lamb[30]": -480.3351998426095, "lamb[31]": -1.0160992719589337, "lamb[32]": -557.7899687486779, "lamb[33]": -1.0165512062427247, "lamb[34]": -662.2760741139657, "lamb[35]": -1.0169293069680103, "lamb[36]": -804.4822058757458, "lamb[37]": -1.0172516554029893, "lamb[38]": -999.1617529883789, "lamb[39]": -1.0175326961498226, "lamb[40]": -1266.753481315886, "lamb[41]": -1.0177838579886853, "lamb[42]": -1299.6190552921055, "lamb[43]": -1.0234386844226724, "lamb[44]": -1548.5999451985247, "lamb[45]": -1.0290996213323842, "lamb[46]": -1743.4399439979943, "lamb[47]": -1.037879790877214, "lamb[48]": -1902.6795710948343, "lamb[49]": -1.0505690721041199, "lamb[50]": -2039.9604202163111, "lamb[51]": -1.067843438773761, "lamb[52]": -2165.4441637544605, "lamb[53]": -1.090158054347151, "lamb[54]": -2286.52358222934, "lamb[55]": -1.117567342819104, "lamb[56]": -2408.2205281967995, "lamb[57]": -1.1495868003299896, "lamb[58]": -2533.4589296510676, "lamb[59]": -1.1851749326130943, "lamb[60]": -2663.3837820240756, "lamb[61]": -1.2228729337134698, "lamb[62]": -2797.8206430263554, "lamb[63]": -1.2610617148719583, "lamb[64]": -2935.8579588211524, "lamb[65]": -1.2982372260810724, "lamb[66]": -3076.4533793823944, "lamb[67]": -1.3332101955502451, "lamb[68]": -3218.9556608588337, "lamb[69]": -1.3651908326819229, "lamb[70]": -3363.4797324699643, "lamb[71]": -1.3937742542257834, "lamb[72]": -3511.1315201134425, "lamb[73]": -1.4188679876076051, "lamb[74]": -3664.1209372993476, "lamb[75]": -1.4406007942502106, "lamb[76]": -3825.818476585223, "lamb[77]": -1.4592379336369443, "lamb[78]": -4000.8092066578206, "lamb[79]": -1.4751140304316068, "lamb[80]": -4194.987351565051, "lamb[81]": -1.4885855118982783, "lamb[82]": -5565.687208607151, "lamb[83]": -1.5000000343205384, "nue[0]": -0.1018741044784543, "nue[1]": 9.063488525997195e-06, "nue[2]": 94.83337141267513, "nue[3]": 2.4572922497771675e-07, "nue[4]": 8.882218755477251e-06, "nue[5]": 4.9999997957097e-06, "nue[6]": 0.0, "nue[7]": -3.2229727228886424e-06, "nue[8]": -0.00019775730392265311, "nue[9]": -1.1505169103163695e-07, "nue[10]": 0.0, "nue[11]": 0.0, "nue[12]": -0.10731737036171074, "nue[13]": -1.7449743210384635e-07, "nue[14]": 2.9910055365994483, "nue[15]": 5.8760471946354806e-08, "nue[16]": -1.6726074283732812e-07, "nue[17]": 4.997280389055157e-06, "nue[18]": 0.0, "nue[19]": -0.2634506803351072, "nue[20]": 2.2260820108049856e-07, "nue[21]": -1.71489334848725e-07, "nue[22]": 0.0, "nue[23]": 0.0, "nue[24]": -0.11153622044851022, "nue[25]": -2.1180346578797164e-07, "nue[26]": 2.9717048803176236, "nue[27]": 6.836645986530251e-08, "nue[28]": -1.9886989715855922e-07, "nue[29]": 4.99321846319254e-06, "nue[30]": 0.0, "nue[31]": -0.21987266565839633, "nue[32]": 3.32144442877661e-07, "nue[33]": -2.2118266601241677e-07, "nue[34]": 0.0, "nue[35]": 0.0, "nue[36]": -0.11495162861039558, "nue[37]": -2.5441900394353537e-07, "nue[38]": 2.948146358569976, "nue[39]": 7.872446824536583e-08, "nue[40]": -2.3278140087647197e-07, "nue[41]": 4.987962032967671e-06, "nue[42]": 0.0, "nue[43]": -0.19440802055173798, "nue[44]": 4.2908216841246593e-07, "nue[45]": -2.7100745256370404e-07, "nue[46]": 0.0, "nue[47]": 0.0, "nue[48]": -0.11786194375978903, "nue[49]": -3.0762942715007306e-07, "nue[50]": 2.921559409265109, "nue[51]": 9.102262813871146e-08, "nue[52]": -2.7290424444746136e-07, "nue[53]": 4.981500932141965e-06, "nue[54]": 0.0, "nue[55]": -0.18307272383615167, "nue[56]": 5.265534389375817e-07, "nue[57]": -3.2741976381102165e-07, "nue[58]": 0.0, "nue[59]": 0.0, "nue[60]": -0.12048947776051201, "nue[61]": -3.776839941416243e-07, "nue[62]": 2.893078790844923, "nue[63]": 1.0658352105643662e-07, "nue[64]": -3.235605007172351e-07, "nue[65]": 4.97367312484963e-06, "nue[66]": 0.0, "nue[67]": -0.183844465246321, "nue[68]": 6.370209896123982e-07, "nue[69]": -3.9731465435937003e-07, "nue[70]": 0.0, "nue[71]": 0.0, "nue[72]": -0.123012160945009, "nue[73]": -4.725019088068258e-07, "nue[74]": 2.8639621244276072, "nue[75]": 1.2703383335240449e-07, "nue[76]": -3.9003505315110276e-07, "nue[77]": 4.964153225253215e-06, "nue[78]": 0.0, "nue[79]": -0.19629670995314863, "nue[80]": 7.738406053036883e-07, "nue[81]": -4.88816642996903e-07, "nue[82]": -2.0194839173657902e-28, "nue[83]": 0.0, "nue[84]": -0.1255878438684008, "nue[85]": -6.025578383212526e-07, "nue[86]": 2.8352366753553246, "nue[87]": 1.5450742043832156e-07, "nue[88]": -4.79238347604687e-07, "nue[89]": 4.952421846791976e-06, "nue[90]": 0.0, "nue[91]": -0.22144842106999912, "nue[92]": 9.528098171130517e-07, "nue[93]": -6.121830505675497e-07, "nue[94]": 0.0, "nue[95]": 0.0, "nue[96]": -0.1283746227998926, "nue[97]": -7.82056258587022e-07, "nue[98]": 2.8074077147643606, "nue[99]": 1.9189953471917268e-07, "nue[100]": -6.005401889180093e-07, "nue[101]": 4.937713217408755e-06, "nue[102]": 0.0, "nue[103]": -0.26180130772659355, "nue[104]": 1.1939308525813073e-06, "nue[105]": -7.809318293221357e-07, "nue[106]": 1.6155871338926322e-27, "nue[107]": 0.0, "nue[108]": -0.1315499416616258, "nue[109]": -1.030512612660173e-06, "nue[110]": 2.780320253128593, "nue[111]": 2.4319389182318413e-07, "nue[112]": -7.668413377169885e-07, "nue[113]": 4.9189357991643985e-06, "nue[114]": 0.0, "nue[115]": -0.32155989434231996, "nue[116]": 1.5236061809928614e-06, "nue[117]": -1.0133209998935867e-06, "nue[118]": 0.0, "nue[119]": 0.0, "nue[120]": -0.13533094113134644, "nue[121]": -1.3749060450424573e-06, "nue[122]": 2.753155038521847, "nue[123]": 3.1389866941917327e-07, "nue[124]": -9.959963496545753e-07, "nue[125]": 4.894557439343448e-06, "nue[126]": 0.0, "nue[127]": -0.4070513419131859, "nue[128]": 1.9775207817384632e-06, "nue[129]": -1.3343372647271042e-06, "nue[130]": 0.0, "nue[131]": 0.0, "nue[132]": -0.13999853905630139, "nue[133]": -1.8526373939934414e-06, "nue[134]": 2.7244752674940758, "nue[135]": 4.116432290330402e-07, "nue[136]": -1.3127551948128033e-06, "nue[137]": 4.862442650670404e-06, "nue[138]": 0.0, "nue[139]": -0.5273849275402034, "nue[140]": 2.604524121429861e-06, "nue[141]": -1.7784039032216637e-06, "nue[142]": 0.0, "nue[143]": 0.0, "nue[144]": -0.14592803470163832, "nue[145]": -2.515618349190626e-06, "nue[146]": 2.6922412725582783, "nue[147]": 5.470046470659761e-07, "nue[148]": -1.7514501181993403e-06, "nue[149]": 4.819624495388919e-06, "nue[150]": 0.0, "nue[151]": -0.6954182055084844, "nue[152]": 3.471924561897153e-06, "nue[153]": -2.393097149085625e-06, "nue[154]": -4.0389678347315804e-28, "nue[155]": 0.0, "nue[156]": -0.15362966405536796, "nue[157]": -3.4359424845994193e-06, "nue[158]": 2.6537410166703115, "nue[159]": 7.346563940838465e-07, "nue[160]": -2.3597306100719914e-06, "nue[161]": 4.7619865559829105e-06, "nue[162]": 0.0, "nue[163]": -0.929131093332386, "nue[164]": 4.672761942346292e-06, "nue[165]": -3.244271373048159e-06, "nue[166]": 0.0, "nue[167]": 0.0, "nue[168]": -0.16380355920665496, "nue[169]": -4.713761757353544e-06, "nue[170]": 2.605409873668432, "nue[171]": 9.94965292445776e-07, "nue[172]": -3.2037589998489186e-06, "nue[173]": 4.683820792498399e-06,